Plant_Code,Latitude,Longitude,Geo_MW,Solar_MW,Wind_MW,Powerplant_MW
60353,32.214024,-100.05712,-99999,-99999,735.5,735.5
60349,31.9261,-100.9281,-99999,-99999,662.5,662.5
60341,40.583889,-87.3336,-99999,-99999,600.3,600.3
60313,37.366509,-98.261077,-99999,-99999,470.4,470.4
60312,43.080278,-95.656111,-99999,-99999,459.4,459.4
60299,45.653745,-120.603414,-99999,-99999,449.7,449.7
60276,41.1973,-94.7744,-99999,-99999,443.9,443.9
60263,32.926389,-101.647778,-99999,-99999,376,376
60260,46.524167,-117.821666,-99999,-99999,342.7,342.7
60250,37.7341,-121.6516,-99999,-99999,332.5,332.5
60249,43.7853,-75.5753,-99999,-99999,322,322
60245,40.931515,-84.561824,-99999,-99999,302,302
60241,40.8944,-104.0206,-99999,-99999,300,300
60243,43.4839,-92.6131,-99999,-99999,300,300
60244,40.9969,-88.49,-99999,-99999,300,300
60239,36.518056,-100.847222,-99999,-99999,299.7,299.7
60240,34.72,-102.253333,-99999,-99999,299.7,299.7
60238,36.984167,-97.133611,-99999,-99999,299,299
60236,35.629722,-98.024722,-99999,-99999,298.5,298.5
60235,35.770278,-97.799722,-99999,-99999,298,298
60234,45.5836,-120.5042,-99999,-99999,297.5,297.5
60222,45.288056,-120.173888,-99999,-99999,290,290
60223,45.288056,-120.173888,-99999,-99999,290,290
60220,35.653889,-100.538611,-99999,-99999,288.6,288.6
60219,42.5842,-94.7467,-99999,-99999,286.4,286.4
60208,27.0011,-97.5994,-99999,-99999,283.2,283.2
60201,31.2092,-102.2417,-99999,-99999,278,278
60198,47.036269,-120.206494,-99999,-99999,272.6,272.6
60197,46.421111,-118.026944,-99999,-99999,266.8,266.8
60196,32.752778,-116.044722,-99999,-99999,265.4,265.4
60195,45.288056,-120.173888,-99999,-99999,265,265
60193,39.2175,-79.2094,-99999,-99999,264,264
60190,45.7269,-120.8339,-99999,-99999,262.2,262.2
60188,42.334722,-94.170833,-99999,-99999,251,251
60184,40.9475,-103.783889,-99999,-99999,250.8,250.8
60142,33.926111,-103.511111,-99999,-99999,250,250
60150,38.935,-104.212,-99999,-99999,250,250
60135,36.243889,-101.001389,-99999,-99999,249.9,249.9
60134,37.620833,-101.076111,-99999,-99999,249.8,249.8
60131,27.336557,-98.984415,-99999,-99999,249.7,249.7
60129,32.5886,-100.6728,-99999,-99999,249,249
60128,39.421787,-103.67814,-99999,-99999,246,246
60121,32.3122,-100.5303,-99999,-99999,241,241
60120,41.599167,-89.456111,-99999,-99999,240,240
60111,36.574722,-97.673611,-99999,-99999,235.2,235.2
60110,32.318221,-100.176986,-99999,-99999,232.5,232.5
60109,38.116415,-121.769031,-99999,-99999,228.1,228.1
60108,36.035,-98.722222,-99999,-99999,227,227
60107,33.383611,-98.711944,-99999,-99999,225,225
60106,35.4275,-101.253056,-99999,-99999,218,218
60105,41.7678,-88.8867,-99999,-99999,217.5,217.5
60104,44.975833,-73.929722,-99999,-99999,215,215
60102,32.7,-101.741111,-99999,-99999,211.2,211.2
60101,46.3747,-117.7772,-99999,-99999,210.6,210.6
60096,41.2269,-88.6836,-99999,-99999,210,210
60097,44.5281,-96.6267,-99999,-99999,210,210
60093,32.4694,-100.6664,-99999,-99999,209,209
60089,31.74325,-101.493407,-99999,-99999,207.2,207.2
60084,41.951667,-98.076667,-99999,-99999,206.5,206.5
60083,39.003873,-99.414161,-99999,-99999,205.7,205.7
60074,43.852778,-96.018333,-99999,-99999,205.5,205.5
60075,43.675,-95.156666,-99999,-99999,205.5,205.5
60073,46.98,-101.554722,-99999,-99999,205,205
60067,34.63566,-104.04733,-99999,-99999,204,204
60069,45.815467,-120.341883,-99999,-99999,204,204
60072,33.509722,-98.360833,-99999,-99999,204,204
60065,38.53569,-112.935,-99999,-99999,203.5,203.5
60062,26.475278,-97.691111,-99999,-99999,203,203
60059,27.0702,-97.5077,-99999,-99999,201.6,201.6
60060,26.34892,-97.6668,-99999,-99999,201.6,201.6
60057,43.724596,-93.450429,-99999,-99999,201.3,201.3
60051,40.941,-103.259,-99999,-99999,201,201
60052,39.4375,-97.6644,-99999,-99999,201,201
60053,43.7036,-95.7131,-99999,-99999,201,201
60054,27.1197,-97.5499,-99999,-99999,201,201
60055,45.651,-120.2598,-99999,-99999,201,201
60056,38.841667,-98.299444,-99999,-99999,201,201
60049,35.238333,-101.310833,-99999,-99999,200.6,200.6
60050,39.353333,-103.474167,-99999,-99999,200.6,200.6
60047,27.9958,-97.2967,-99999,-99999,200.1,200.1
60048,31.8225,-98.690556,-99999,-99999,200.1,200.1
59981,42.5644,-93.6369,-99999,-99999,200,200
59982,32.6256,-99.4928,-99999,-99999,200,200
59984,32.5144,-99.6564,-99999,-99999,200,200
59995,43.273731,-93.800002,-99999,-99999,200,200
59999,41.1406,-88.53,-99999,-99999,200,200
60004,42.9258,-105.7872,-99999,-99999,200,200
60007,41.215278,-90.120833,-99999,-99999,200,200
60008,43.828217,-96.321567,-99999,-99999,200,200
60015,26.33072,-97.5857,-99999,-99999,200,200
60016,37.46,-96.42,-99999,-99999,200,200
60017,40.349444,-85.843056,-99999,-99999,200,200
60018,41.554651,-94.685004,-99999,-99999,200,200
60019,40.211667,-87.878333,-99999,-99999,200,200
60022,39.380975,-103.573236,-99999,-99999,200,200
60026,39.341389,-103.581111,-99999,-99999,200,200
60027,40.066667,-85.013333,-99999,-99999,200,200
60029,34.311111,-101.251111,-99999,-99999,200,200
60035,34.748056,-102.174444,-99999,-99999,200,200
60036,36.541389,-101.565556,-99999,-99999,200,200
60038,43.805,-92.769722,-99999,-99999,200,200
60040,26.388611,-98.806111,-99999,-99999,200,200
60046,34.080556,-101.323611,-99999,-99999,200,200
59978,42.630513,-93.206389,-99999,-99999,199.7,199.7
59979,40.6275,-86.935,-99999,-99999,199.7,199.7
59974,40.986,-103.436,-99999,-99999,199.5,199.5
59975,31.9925,-101.1167,-99999,-99999,199.5,199.5
59960,45.8877,-120.2896,-99999,-99999,199,199
59965,38.256944,-95.814166,-99999,-99999,199,199
59966,35.978889,-98.710278,-99999,-99999,199,199
59967,36.1225,-98.992222,-99999,-99999,199,199
59959,38.697606,-99.729289,-99999,-99999,198.6,198.6
59958,35.4642,-99.8983,-99999,-99999,198.1,198.1
59956,40.4792,-88.7989,-99999,-99999,198,198
59957,40.4792,-88.7989,-99999,-99999,198,198
59955,32.4969,-100.5797,-99999,-99999,197,197
59954,35.295,-102.721111,-99999,-99999,194,194
59950,40.888611,-88.997222,-99999,-99999,192.3,192.3
59949,34.9349,-118.4612,-99999,-99999,189,189
59948,27.223056,-97.789167,-99999,-99999,188,188
59947,48.820278,-112.103333,-99999,-99999,184.6,184.6
59944,42.5539,-95.3283,-99999,-99999,183,183
59943,35.442778,-101.372778,-99999,-99999,181.7,181.7
59936,45.959325,-98.946325,-99999,-99999,180,180
59937,32.929014,-101.578617,-99999,-99999,180,180
59942,27.9386,-97.4586,-99999,-99999,180,180
59932,46.06,-118.917,-99999,-99999,176.9,176.9
59931,40.999169,-88.056247,-99999,-99999,175,175
59930,41.4236,-94.665,-99999,-99999,174.8,174.8
59929,40.9881,-102.8969,-99999,-99999,174.3,174.3
59928,32.2878,-100.1,-99999,-99999,170.2,170.2
59916,32.1981,-100.2686,-99999,-99999,169.5,169.5
59901,35.008611,-118.242222,-99999,-99999,168,168
59911,35.043411,-118.211835,-99999,-99999,168,168
59900,37.81828,-99.7754,-99999,-99999,167.9,167.9
59899,37.873889,-100.280277,-99999,-99999,165.6,165.6
59898,26.195278,-97.466111,-99999,-99999,165,165
59891,32.7683,-99.4228,-99999,-99999,162.3,162.3
59872,38.1381,-121.8053,-99999,-99999,162,162
59873,37.7033,-102.6231,-99999,-99999,162,162
59874,43.886389,-98.7875,-99999,-99999,162,162
59887,35.347778,-118.186389,-99999,-99999,162,162
59862,35.291944,-102.303056,-99999,-99999,161,161
59866,35.2375,-102.203056,-99999,-99999,161,161
59867,35.276944,-102.682778,-99999,-99999,161,161
59860,30.9178,-102.0867,-99999,-99999,160.5,160.5
59857,32.94793,-101.147784,-99999,-99999,160,160
59858,43.393,-93.091,-99999,-99999,160,160
59856,48.63,-98.315,-99999,-99999,159,159
59855,46.4211,-117.8331,-99999,-99999,156.6,156.6
59849,41.4517,-95.2383,-99999,-99999,153,153
59848,31.995,-102.828333,-99999,-99999,152.5,152.5
59847,36.276111,-99.490833,-99999,-99999,151.8,151.8
59845,45.9215,-120.2355,-99999,-99999,151.2,151.2
59844,34.8661,-98.6056,-99999,-99999,151,151
59841,40.694444,-87.570833,-99999,-99999,150.4,150.4
59842,40.46405,-88.021517,-99999,-99999,150.4,150.4
59843,36.706944,-96.700278,-99999,-99999,150.4,150.4
59839,42.159444,-92.776111,-99999,-99999,150.2,150.2
59838,40.92,-94.671667,-99999,-99999,150.1,150.1
59786,32.4301,-100.235652,-99999,-99999,150,150
59787,37.5797,-96.5503,-99999,-99999,150,150
59788,38.12,-121.85,-99999,-99999,150,150
59789,44.2667,-96.3444,-99999,-99999,150,150
59790,41.090583,-89.639811,-99999,-99999,150,150
59794,33.752201,-100.967402,-99999,-99999,150,150
59797,30.807272,-102.355628,-99999,-99999,150,150
59798,42.1622,-94.93,-99999,-99999,150,150
59800,38.1711,-121.8461,-99999,-99999,150,150
59801,43.2125,-93.8311,-99999,-99999,150,150
59802,42.1044,-93.2722,-99999,-99999,150,150
59803,31.085435,-100.67882,-99999,-99999,150,150
59804,39.981389,-94.518056,-99999,-99999,150,150
59805,39.104167,-114.492222,-99999,-99999,150,150
59807,27.576111,-98.905278,-99999,-99999,150,150
59808,35.033725,-118.353422,-99999,-99999,150,150
59809,35.023889,-118.295278,-99999,-99999,150,150
59810,35.023889,-118.295278,-99999,-99999,150,150
59811,32.4375,-100.7444,-99999,-99999,150,150
59815,40.590833,-89.046666,-99999,-99999,150,150
59816,42.224436,-93.373625,-99999,-99999,150,150
59818,35.030855,-118.293188,-99999,-99999,150,150
59819,35.026683,-118.234811,-99999,-99999,150,150
59820,33.493056,-98.581944,-99999,-99999,150,150
59821,33.205801,-98.365069,-99999,-99999,150,150
59822,31.383333,-98.466667,-99999,-99999,150,150
59823,35.205278,-101.434167,-99999,-99999,150,150
59824,34.446111,-97.269722,-99999,-99999,150,150
59828,48.964722,-99.613889,-99999,-99999,150,150
59831,40.620556,-87.378056,-99999,-99999,150,150
59832,33.628222,-99.411169,-99999,-99999,150,150
59833,33.645964,-99.532944,-99999,-99999,150,150
59834,34.432267,-101.237233,-99999,-99999,150,150
59835,37.1146,-97.2376,-99999,-99999,150,150
59837,39.334,-102.173,-99999,-99999,150,150
59785,31.951944,-100.791389,-99999,-99999,149.6,149.6
59784,48.4968,-99.9513,-99999,-99999,149,149
59782,43.6848,-94.8799,-99999,-99999,148.8,148.8
59783,35.135556,-99.003056,-99999,-99999,148.8,148.8
59779,37.8641,-99.7528,-99999,-99999,148.5,148.5
59780,47.1294,-97.8853,-99999,-99999,148.5,148.5
59781,38.892653,-98.168876,-99999,-99999,148.5,148.5
59778,46.058056,-68.147222,-99999,-99999,148,148
59777,30.772575,-102.505808,-99999,-99999,147.5,147.5
59776,35.5094,-98.7346,-99999,-99999,147,147
59775,40.575,-95.5228,-99999,-99999,146,146
59774,41.2874,-110.5556,-99999,-99999,144,144
59772,41.420556,-76.049167,-99999,-99999,142.6,142.6
59771,32.100823,-101.451385,-99999,-99999,142.5,142.5
59770,42.390833,-92.966667,-99999,-99999,140.8,140.8
59769,34.891389,-118.4325,-99999,-99999,140,140
59768,39.760556,-78.874722,-99999,-99999,139.4,139.4
59765,43.0181,-105.835278,-99999,-99999,138,138
59766,35.06,-118.2,-99999,-99999,138,138
59763,45.8797,-120.8072,-99999,-99999,136.3,136.3
59762,34.29,-99.364722,-99999,-99999,135.4,135.4
59759,32.290833,-100.4219,-99999,-99999,135,135
59760,46.5725,-109.7531,-99999,-99999,135,135
59761,35.248006,-118.175356,-99999,-99999,135,135
59749,35.529778,-99.814456,-99999,-99999,132,132
59750,45.3853,-70.5258,-99999,-99999,132,132
59751,35.026759,-118.223333,-99999,-99999,132,132
59748,37.90133,-100.372,-99999,-99999,131,131
59746,32.7204,-100.9952,-99999,-99999,130.5,130.5
59747,40.695,-87.4886,-99999,-99999,130.5,130.5
59744,35.855556,-98.968333,-99999,-99999,130,130
59743,43.6161,-88.4969,-99999,-99999,129,129
59741,32.3983,-100.6481,-99999,-99999,126.5,126.5
59738,42.6697,-78.2278,-99999,-99999,126,126
59735,43.467057,-111.836381,-99999,-99999,124.5,124.5
59734,32.039,-101.22,-99999,-99999,124.2,124.2
59733,35.535,-99.3828,-99999,-99999,123,123
59732,46.01279,-118.816246,-99999,-99999,122.8,122.8
59731,32.1408,-101.3986,-99999,-99999,121.9,121.9
59730,32.311556,-100.061589,-99999,-99999,120.6,120.6
59719,33.9716,-103.8604,-99999,-99999,120,120
59722,36.637733,-99.601869,-99999,-99999,120,120
59723,32.2353,-101.8367,-99999,-99999,120,120
59724,32.718056,-100.793333,-99999,-99999,120,120
59725,47.292437,-97.931692,-99999,-99999,120,120
59727,33.06797,-98.337652,-99999,-99999,120,120
59728,35.054167,-118.354722,-99999,-99999,120,120
59729,43.525278,-83.65,-99999,-99999,120,120
59715,41.883333,-92.933333,-99999,-99999,119.6,119.6
59717,41.209167,-94.103611,-99999,-99999,119.6,119.6
59714,41.9203,-106.3758,-99999,-99999,118.5,118.5
59711,43.524429,-111.803921,-99999,-99999,115.8,115.8
59709,47.933621,-101.269189,-99999,-99999,115.5,115.5
59710,31.9361,-101.2983,-99999,-99999,115.5,115.5
59704,32.303889,-100.021667,-99999,-99999,114,114
59706,36.4964,-101.3917,-99999,-99999,114,114
59702,33.733006,-97.428406,-99999,-99999,112.5,112.5
59688,37.613256,-100.378197,-99999,-99999,112,112
59692,42.7794,-78.4269,-99999,-99999,112,112
59694,43.8825,-83.161389,-99999,-99999,112,112
59687,42.043611,-106.160278,-99999,-99999,111,111
59686,43.408056,-84.462222,-99999,-99999,110.4,110.4
59682,33.143056,-98.161111,-99999,-99999,110,110
59683,26.411689,-98.571554,-99999,-99999,110,110
59667,41.666944,-89.059722,-99999,-99999,109.5,109.5
59664,42.6878,-95.405,-99999,-99999,109.4,109.4
59658,45.52,-120.5744,-99999,-99999,108,108
59660,37.851111,-99.838056,-99999,-99999,108,108
59657,46.075,-102.563333,-99999,-99999,107.5,107.5
59655,44.2917,-96.375,-99999,-99999,107.2,107.2
59654,44.8917,-74.0299,-99999,-99999,106.5,106.5
59653,40.7178,-87.2631,-99999,-99999,106,106
59652,47.155833,-117.364444,-99999,-99999,105.3,105.3
59649,46.98,-101.554722,-99999,-99999,105,105
59650,46.98,-101.554722,-99999,-99999,105,105
59648,48.51,-112.1097,-99999,-99999,104.2,104.2
59646,37.518889,-99.446389,-99999,-99999,104,104
59641,44.129369,-96.116971,-99999,-99999,103.5,103.5
59645,40.5986,-87.0194,-99999,-99999,103.5,103.5
59639,45.7167,-120.2008,-99999,-99999,102.9,102.9
59638,38.169444,-121.846944,-99999,-99999,102.5,102.5
59636,47.1133,-100.7086,-99999,-99999,102.4,102.4
59637,35.2689,-107.3828,-99999,-99999,102.4,102.4
59628,36.603967,-99.340047,-99999,-99999,102,102
59630,40.8411,-76.1547,-99999,-99999,102,102
59631,38.58523,-112.931,-99999,-99999,102,102
59632,41.1508,-88.6233,-99999,-99999,102,102
59633,35.008611,-118.242222,-99999,-99999,102,102
59634,43.433889,-84.4975,-99999,-99999,102,102
59635,35.008333,-118.241389,-99999,-99999,102,102
59627,48.5333,-112.1847,-99999,-99999,101.4,101.4
59626,38.137488,-121.855342,-99999,-99999,101.3,101.3
59621,32.4081,-100.1286,-99999,-99999,101.2,101.2
59623,40.8981,-121.8036,-99999,-99999,101.2,101.2
59624,36.333803,-99.480144,-99999,-99999,101.2,101.2
59625,41.454241,-94.575056,-99999,-99999,101.2,101.2
59618,38.879936,-98.160159,-99999,-99999,100.8,100.8
59619,35.325278,-98.071389,-99999,-99999,100.8,100.8
59620,35.372359,-98.182731,-99999,-99999,100.8,100.8
59611,45.085221,-117.816273,-99999,-99999,100.7,100.7
59613,47.1356,-120.6872,-99999,-99999,100.7,100.7
59610,43.6861,-92.6272,-99999,-99999,100.6,100.6
59587,43.7938,-94.8499,-99999,-99999,100.5,100.5
59595,45.652457,-120.209783,-99999,-99999,100.5,100.5
59597,44.8914,-74.0061,-99999,-99999,100.5,100.5
59598,42.5367,-78.3047,-99999,-99999,100.5,100.5
59601,42.451481,-89.878428,-99999,-99999,100.5,100.5
59603,40.3692,-89.4022,-99999,-99999,100.5,100.5
59604,43.8006,-92.6822,-99999,-99999,100.5,100.5
59605,43.7189,-92.705,-99999,-99999,100.5,100.5
59606,41.7619,-76.8553,-99999,-99999,100.5,100.5
59607,38.0878,-80.4925,-99999,-99999,100.5,100.5
59586,43.526944,-83.566944,-99999,-99999,100.3,100.3
59566,43.4303,-95.4167,-99999,-99999,100,100
59573,34.466667,-105.9625,-99999,-99999,100,100
59574,43.3456,-95.3233,-99999,-99999,100,100
59575,42.159722,-95.439722,-99999,-99999,100,100
59577,34.910361,-98.5599,-99999,-99999,100,100
59581,34.386944,-97.136944,-99999,-99999,100,100
59564,29.234722,-100.209167,-99999,-99999,99.8,99.8
59562,35.280278,-97.975556,-99999,-99999,99.2,99.2
59563,35.415556,-112.271111,-99999,-99999,99.2,99.2
59548,42.1169,-95.1292,-99999,-99999,99,99
59549,43.7542,-94.9497,-99999,-99999,99,99
59550,38.503167,-101.161472,-99999,-99999,99,99
59551,43.0572,-105.8543,-99999,-99999,99,99
59552,41.675052,-106.011124,-99999,-99999,99,99
59553,43.01455,-105.999,-99999,-99999,99,99
59554,34.8217,-98.4525,-99999,-99999,99,99
59555,40.6431,-87.0242,-99999,-99999,99,99
59556,45.215,-97.9056,-99999,-99999,99,99
59558,41.025278,-84.779166,-99999,-99999,99,99
59559,42.606737,-93.336453,-99999,-99999,99,99
59560,44.704444,-71.2925,-99999,-99999,99,99
59561,35.060556,-118.243333,-99999,-99999,99,99
59544,43.61407,-92.59882,-99999,-99999,98.9,98.9
59545,45.8131,-120.3475,-99999,-99999,98.9,98.9
59546,37.614473,-100.278666,-99999,-99999,98.9,98.9
59547,45.899167,-118.591389,-99999,-99999,98.9,98.9
59543,36.476944,-97.685556,-99999,-99999,98.8,98.8
59540,45.7119,-120.125,-99999,-99999,98.7,98.7
59541,45.51,-120.48,-99999,-99999,98.7,98.7
59542,40.6778,-87.0328,-99999,-99999,98.7,98.7
59539,36.1225,-98.992222,-99999,-99999,98.6,98.6
59536,43.0533,-93.6305,-99999,-99999,98,98
59537,40.399722,-87.799167,-99999,-99999,98,98
59535,45.753333,-100.275,-99999,-99999,97.8,97.8
59534,39.0072,-79.8866,-99999,-99999,97.6,97.6
59533,44.8216,-73.6509,-99999,-99999,97.5,97.5
59530,45.675804,-120.31832,-99999,-99999,96.6,96.6
59529,46.0958,-119.0964,-99999,-99999,95,95
59528,36.640278,-99.500556,-99999,-99999,94.5,94.5
59527,42.750278,-78.248889,-99999,-99999,94.4,94.4
59526,45.781825,-120.521151,-99999,-99999,94,94
59521,27.488056,-99.005278,-99999,-99999,92,92
59519,32.3472,-100.3703,-99999,-99999,91.5,91.5
59512,40.756944,-102.743055,-99999,-99999,91,91
59505,34.8147,-105.0108,-99999,-99999,90,90
59506,31.991442,-101.302637,-99999,-99999,90,90
59507,43.663056,-82.746944,-99999,-99999,90,90
59508,46.9547,-120.1819,-99999,-99999,90,90
59509,35.065,-118.39,-99999,-99999,90,90
59502,42.45,-77.52,-99999,-99999,87.5,87.5
59501,44.011,-96.0446,-99999,-99999,85.5,85.5
59498,32.92544,-101.219397,-99999,-99999,84,84
59497,30.931467,-102.201433,-99999,-99999,82.5,82.5
59496,30.9514,-102.414067,-99999,-99999,82,82
59495,46.98,-101.554722,-99999,-99999,81.8,81.8
59489,43.256944,-84.499722,-99999,-99999,81.6,81.6
59486,44.8914,-74.0061,-99999,-99999,81,81
59487,42.6978,-97.6189,-99999,-99999,81,81
59488,41.2325,-90.174167,-99999,-99999,81,81
59485,32.236944,-100.4833,-99999,-99999,80.5,80.5
59484,42.8417,-95.405,-99999,-99999,80.2,80.2
59469,35.4789,-101.2439,-99999,-99999,80,80
59470,43.3833,-93.4167,-99999,-99999,80,80
59472,34.980556,-103.353889,-99999,-99999,80,80
59474,43.3608,-93.2978,-99999,-99999,80,80
59475,41.643611,-89.173056,-99999,-99999,80,80
59476,40.383889,-78.579444,-99999,-99999,80,80
59477,41.263889,-110.544444,-99999,-99999,80,80
59478,36.543889,-101.393611,-99999,-99999,80,80
59479,42.568056,-94.658056,-99999,-99999,80,80
59481,43.16,-98.08,-99999,-99999,80,80
59483,37.713311,-121.640353,-99999,-99999,80,80
59467,41.880278,-98.023889,-99999,-99999,79.9,79.9
59468,41.454722,-99.568056,-99999,-99999,79.9,79.9
59466,36.4144,-101.3864,-99999,-99999,79.8,79.8
59465,35.386038,-101.578572,-99999,-99999,79.6,79.6
59464,35.3919,-101.53,-99999,-99999,79.5,79.5
59462,35.0775,-118.218333,-99999,-99999,79.2,79.2
59463,42.674722,-112.901944,-99999,-99999,79.2,79.2
59458,37.790833,-121.718055,-99999,-99999,78.2,78.2
59459,38.116667,-121.821944,-99999,-99999,78.2,78.2
59460,35.243611,-102.21,-99999,-99999,78.2,78.2
59456,30.9514,-102.414067,-99999,-99999,78,78
59457,27.18,-98.916667,-99999,-99999,78,78
59455,35.2608,-118.2469,-99999,-99999,76.9,76.9
59450,31.1392,-102.2253,-99999,-99999,75,75
59451,45.571,-120.593,-99999,-99999,75,75
59452,37.6735,-102.8622,-99999,-99999,75,75
59453,43.0003,-92.62,-99999,-99999,75,75
59454,40.319561,-78.680633,-99999,-99999,75,75
59447,43.757778,-83.297778,-99999,-99999,74.8,74.8
59448,40.048889,-96.952222,-99999,-99999,74.8,74.8
59449,43.757778,-83.297778,-99999,-99999,74.8,74.8
59446,34.850781,-98.577311,-99999,-99999,74.3,74.3
59444,43.112222,-74.878888,-99999,-99999,74,74
59445,35.194722,-98.907222,-99999,-99999,74,74
59443,41.987656,-98.210401,-99999,-99999,73.4,73.4
59442,41.323889,-99.323056,-99999,-99999,73.1,73.1
59440,41.2294,-89.5572,-99999,-99999,72,72
59441,45.6533,-119.9914,-99999,-99999,72,72
59438,40.4381,-78.5436,-99999,-99999,70,70
59439,39.4047,-79.29,-99999,-99999,70,70
59435,43.7092,-82.9633,-99999,-99999,69,69
59436,21.610278,-158.040833,-99999,-99999,69,69
59437,41.5323,-77.0296,-99999,-99999,69,69
59433,43.692647,-88.329742,-99999,-99999,67.7,67.7
59432,33.495278,-98.5,-99999,-99999,67.6,67.6
59431,33.9211,-116.5642,-99999,-99999,66.6,66.6
59427,39.1828,-79.5372,-99999,-99999,66,66
59430,43.3192,-93.8836,-99999,-99999,66,66
59426,34.6062,-110.1734,-99999,-99999,65.1,65.1
59425,44.748333,-72.425278,-99999,-99999,65,65
59423,41.5533,-75.4542,-99999,-99999,64.5,64.5
59424,43.4195,-111.8294,-99999,-99999,64.5,64.5
59422,43.850833,-82.783611,-99999,-99999,64,64
59416,32.739294,-100.738949,-99999,-99999,63,63
59417,34.6596,-110.2842,-99999,-99999,63,63
59421,45.943,-118.591,-99999,-99999,63,63
59415,40.964167,-103.077222,-99999,-99999,62.6,62.6
59414,40.3042,-78.6908,-99999,-99999,62.5,62.5
59413,47.1242,-97.8956,-99999,-99999,62.4,62.4
59412,37.886706,-109.36839,-99999,-99999,62.1,62.1
59409,33.925,-116.617778,-99999,-99999,61.5,61.5
59410,46.327169,-98.898356,-99999,-99999,61.5,61.5
59408,33.033056,-101.6875,-99999,-99999,61.2,61.2
59407,41.288056,-110.480741,-99999,-99999,61,61
59394,35.06094,-118.292406,-99999,-99999,60,60
59395,40.983,-102.9647,-99999,-99999,60,60
59396,32.338611,-98.476111,-99999,-99999,60,60
59404,45.34598,-68.3802,-99999,-99999,60,60
59405,40.0011,-95.9289,-99999,-99999,60,60
59393,36.846667,-97.4175,-99999,-99999,59.8,59.8
59392,35.075,-118.3158,-99999,-99999,59.6,59.6
59384,42.4489,-99.8917,-99999,-99999,59.4,59.4
59390,43.8556,-83.1669,-99999,-99999,59.4,59.4
59383,44.19,-85.2983,-99999,-99999,59,59
59382,32.1217,-101.3853,-99999,-99999,58.8,58.8
59381,43.386389,-111.726389,-99999,-99999,57.6,57.6
59379,34.105,-101.0986,-99999,-99999,57,57
59380,45.4822,-67.9944,-99999,-99999,57,57
59378,40.1006,-94.4869,-99999,-99999,56.7,56.7
59377,42.315278,-77.538333,-99999,-99999,55.4,55.4
59376,39.445,-79.03,-99999,-99999,55.2,55.2
59374,43.400278,-88.481111,-99999,-99999,54,54
59373,41.25,-89.5708,-99999,-99999,53,53
59371,43.83,-83.2064,-99999,-99999,52.8,52.8
59370,40.0311,-78.8153,-99999,-99999,52.5,52.5
59365,44.0667,-96.0667,-99999,-99999,51,51
59366,44.0025,-98.590833,-99999,-99999,51,51
59367,39.3383,-102.3533,-99999,-99999,51,51
59364,38.424722,-99.5075,-99999,-99999,50.7,50.7
59362,47.152847,-101.197716,-99999,-99999,50.6,50.6
59363,44.633611,-70.627777,-99999,-99999,50.6,50.6
59338,41.7194,-89.0492,-99999,-99999,50.4,50.4
59339,40.4535,-95.4683,-99999,-99999,50.4,50.4
59357,40.2572,-94.6722,-99999,-99999,50.4,50.4
59358,44.4328,-96.4779,-99999,-99999,50.4,50.4
59359,39.7513,-79.7271,-99999,-99999,50.4,50.4
59360,32.55434,-107.50929,-99999,-99999,50.4,50.4
59361,43.256944,-84.499722,-99999,-99999,50.4,50.4
59320,41.7172,-106.1077,-99999,-99999,50,50
59322,32.705556,-116.3425,-99999,-99999,50,50
59323,44.057778,-95.2525,-99999,-99999,50,50
59324,37.369167,-98.460278,-99999,-99999,50,50
59327,37.3764,-98.4583,-99999,-99999,50,50
59328,43.4303,-95.4167,-99999,-99999,50,50
59329,45.9192,-120.3039,-99999,-99999,50,50
59331,45.744171,-120.783568,-99999,-99999,50,50
59332,42.006111,-94.237778,-99999,-99999,50,50
59334,46.718056,-96.211944,-99999,-99999,50,50
59337,33.901781,-103.34675,-99999,-99999,50,50
59319,45.2766,-120.2794,-99999,-99999,49.8,49.8
59300,33.9228,-116.5422,-99999,-99999,49.5,49.5
59310,47.1167,-100.7333,-99999,-99999,49.5,49.5
59311,44.1238,-96.0784,-99999,-99999,49.5,49.5
59312,47.1333,-100.7011,-99999,-99999,49.5,49.5
59318,35.9454,-101.9005,-99999,-99999,49.5,49.5
59297,33.8816,-116.5527,-99999,-99999,49,49
59295,40.729207,-78.28735,-99999,-99999,48.2,48.2
59281,47.152847,-101.197716,-99999,-99999,48,48
59282,47.1244,-97.8961,-99999,-99999,48,48
59284,43.7681,-71.8189,-99999,-99999,48,48
59279,35.0697,-118.3167,-99999,-99999,46.9,46.9
59275,33.9393,-116.5527,-99999,-99999,45,45
59274,43.920556,-93.140555,-99999,-99999,44,44
59273,43.3897,-95.2997,-99999,-99999,43.5,43.5
59272,33.934,-116.5781,-99999,-99999,43.4,43.4
59271,43.978486,-92.851078,-99999,-99999,43,43
59268,43.047222,-93.4775,-99999,-99999,42,42
59269,46.54422,-67.8111,-99999,-99999,42,42
59270,41.12968,-105.024,-99999,-99999,42,42
59267,41.6283,-106.2013,-99999,-99999,41.4,41.4
59262,33.9172,-116.735,-99999,-99999,41,41
59265,45.943,-118.591,-99999,-99999,41,41
59261,42.583889,-91.370833,-99999,-99999,40.8,40.8
59254,44.5492,-99.5,-99999,-99999,40.5,40.5
59255,48.6292,-98.3164,-99999,-99999,40.5,40.5
59256,48.6303,-98.3169,-99999,-99999,40.5,40.5
59257,41.864583,-97.961194,-99999,-99999,40.5,40.5
59237,44.67598,-72.1013,-99999,-99999,40,40
59238,39.254444,-79.467222,-99999,-99999,40,40
59239,42.698333,-97.58,-99999,-99999,40,40
59240,36.548958,-101.495936,-99999,-99999,40,40
59241,42.88,-115.036667,-99999,-99999,40,40
59242,47.333333,-110.639167,-99999,-99999,40,40
59248,39.641111,-79.011111,-99999,-99999,40,40
59236,33.914986,-116.71026,-99999,-99999,39.7,39.7
59221,37.805,-121.6672,-99999,-99999,38,38
59233,40.522846,-78.476921,-99999,-99999,38,38
59219,39.8794,-78.9183,-99999,-99999,37.8,37.8
59204,32.3606,-100.3389,-99999,-99999,37.5,37.5
59205,42.5456,-77.4967,-99999,-99999,37.5,37.5
59203,38.163581,-121.79661,-99999,-99999,36.8,36.8
59201,43.612222,-94.191944,-99999,-99999,36,36
59188,35.043889,-118.276388,-99999,-99999,34.5,34.5
59189,39.85,-79.138,-99999,-99999,34.5,34.5
59190,42.9086,-75.5697,-99999,-99999,34.5,34.5
59191,44.723056,-68.2425,-99999,-99999,34.5,34.5
59187,32.2075,-101.388333,-99999,-99999,34.3,34.3
59186,44.593333,-70.381111,-99999,-99999,34.2,34.2
59185,42.948889,-92.062222,-99999,-99999,34,34
59182,43.67,-82.758611,-99999,-99999,32,32
59180,33.926111,-116.615,-99999,-99999,31,31
59153,35.05,-118.2572,-99999,-99999,30,30
59154,35.05,-118.2564,-99999,-99999,30,30
59155,42.988989,-75.762536,-99999,-99999,30,30
59156,39.790739,-79.002047,-99999,-99999,30,30
59157,20.81421,-156.551,-99999,-99999,30,30
59158,46.2753,-104.1836,-99999,-99999,30,30
59163,21.68097,-157.975,-99999,-99999,30,30
59166,44.245556,-96.406389,-99999,-99999,30,30
59168,40.63067,-78.696078,-99999,-99999,30,30
59169,43.713611,-95.802778,-99999,-99999,30,30
59170,32.969722,-100.524167,-99999,-99999,30,30
59172,39.324167,-79.388611,-99999,-99999,30,30
59368,32.286111,-110.088056,-99999,-99999,30,30
59152,33.9461,-116.6769,-99999,-99999,29.9,29.9
59151,40.945911,-103.162028,-99999,-99999,29.7,29.7
59148,40.0853,-78.8633,-99999,-99999,29.4,29.4
59149,41.139722,-104.997778,-99999,-99999,29.4,29.4
59142,35.0697,-118.3167,-99999,-99999,29,29
59143,35.0506,-118.2572,-99999,-99999,29,29
59144,43.397778,-92.473611,-99999,-99999,29,29
59146,37.801111,-104.491944,-99999,-99999,29,29
59140,35.05,-118.2572,-99999,-99999,28.7,28.7
59137,41.7244,-105.9906,-99999,-99999,28.5,28.5
59138,42.7297,-73.0236,-99999,-99999,28.5,28.5
59135,43.563889,-89.148056,-99999,-99999,28,28
59136,45.795556,-86.533889,-99999,-99999,28,28
59134,32.952778,-103.285278,-99999,-99999,27.3,27.3
59132,36.127092,-84.344168,-99999,-99999,27,27
59130,40.855,-76.1292,-99999,-99999,26,26
59129,45.61498,-67.971,-99999,-99999,25.5,25.5
59127,35.0506,-118.1714,-99999,-99999,25.3,25.3
59128,44.018889,-96.065277,-99999,-99999,25.3,25.3
59126,33.9603,-116.5364,-99999,-99999,25.1,25.1
59119,35.05,-118.2572,-99999,-99999,25,25
59120,45.936157,-118.65999,-99999,-99999,25,25
59121,47.5747,-92.5917,-99999,-99999,25,25
59123,44.477778,-99.133889,-99999,-99999,25,25
59118,41.666469,-106.183278,-99999,-99999,24.8,24.8
59117,64.058333,-148.9,-99999,-99999,24.6,24.6
59111,45.5563,-120.5507,-99999,-99999,24,24
59113,41.235278,-75.753056,-99999,-99999,24,24
59114,43.554778,-92.724139,-99999,-99999,24,24
59115,43.233,-72.1455,-99999,-99999,24,24
59116,20.596,-156.318,-99999,-99999,24,24
59110,35.05,-118.2572,-99999,-99999,23.5,23.5
59098,43.037147,-115.439731,-99999,-99999,23,23
59099,43.006133,-115.463289,-99999,-99999,23,23
59100,43.04835,-115.412886,-99999,-99999,23,23
59102,43.056622,-115.452025,-99999,-99999,23,23
59105,43.028056,-115.400469,-99999,-99999,23,23
59106,43.033781,-115.482592,-99999,-99999,23,23
59097,35.0686,-118.3833,-99999,-99999,22.7,22.7
59090,35.05,-118.2572,-99999,-99999,22.5,22.5
59094,42.811944,-115.048889,-99999,-99999,22.5,22.5
59095,42.703333,-112.757778,-99999,-99999,22.5,22.5
59096,42.738889,-112.748611,-99999,-99999,22.5,22.5
59087,33.9141,-116.5914,-99999,-99999,22.4,22.4
59088,42.982222,-115.393333,-99999,-99999,22.4,22.4
59083,35.3111,-118.4319,-99999,-99999,22,22
59086,43.871944,-86.334722,-99999,-99999,22,22
59081,44.216812,-96.237148,-99999,-99999,21.9,21.9
59082,35.1061,-118.3114,-99999,-99999,21.9,21.9
59080,43.610278,-83.485556,-99999,-99999,21.8,21.8
59078,35.1011,-118.3372,-99999,-99999,21.2,21.2
59058,18.9742,-155.6914,-99999,-99999,21,21
59059,43.8794,-88.2708,-99999,-99999,21,21
59060,42.681944,-114.989167,-99999,-99999,21,21
59070,43.0272,-115.4656,-99999,-99999,21,21
59071,43.0536,-115.4803,-99999,-99999,21,21
59072,43.0475,-94.9228,-99999,-99999,21,21
59074,20.79467,-156.536,-99999,-99999,21,21
59075,42.825278,-115.010833,-99999,-99999,21,21
59077,42.770833,-114.988611,-99999,-99999,21,21
59056,41.94143,-94.8861,-99999,-99999,20.7,20.7
58958,33.881667,-116.460278,-99999,-99999,20,20
58959,42.8167,-78.8675,-99999,-99999,20,20
58960,43.8953,-94.9142,-99999,-99999,20,20
58961,43.315,-93.77,-99999,-99999,20,20
58963,45.8033,-95.8844,-99999,-99999,20,20
58967,44.916944,-94.735555,-99999,-99999,20,20
58968,45.071667,-94.752222,-99999,-99999,20,20
58970,36.498514,-101.605278,-99999,-99999,20,20
58973,44.3481,-87.9278,-99999,-99999,20,20
58984,44.415587,-70.559814,-99999,-99999,20,20
59009,43.850833,-82.7825,-99999,-99999,20,20
59024,33.738889,-101.485,-99999,-99999,20,20
58955,35.088889,-118.206389,-99999,-99999,19.8,19.8
58947,42.460629,-114.017297,-99999,-99999,19.5,19.5
58948,46.245556,-103.767222,-99999,-99999,19.5,19.5
58952,44.933333,-97.741389,-99999,-99999,19.5,19.5
58939,33.9369,-116.6183,-99999,-99999,19,19
58936,40.071389,-111.582222,-99999,-99999,18.9,18.9
58937,42.8744,-115.0172,-99999,-99999,18.9,18.9
58938,36.7767,-99.6353,-99999,-99999,18.9,18.9
58935,33.9211,-116.5642,-99999,-99999,18.7,18.7
58929,35.0853,-118.3547,-99999,-99999,18.4,18.4
58919,37.7361,-121.6475,-99999,-99999,18,18
58920,37.763653,-121.614392,-99999,-99999,18,18
58921,61.13,-150.243611,-99999,-99999,18,18
58909,37.0478,-121.1708,-99999,-99999,17,17
58911,42.884703,-106.221442,-99999,-99999,17,17
58907,41.6744,-106.1805,-99999,-99999,16.8,16.8
58908,42.8925,-115.0164,-99999,-99999,16.8,16.8
58904,33.9014,-116.7167,-99999,-99999,16.5,16.5
58902,42.163889,-77.528889,-99999,-99999,16.2,16.2
58901,33.931,-116.6302,-99999,-99999,16.1,16.1
58897,33.9683,-116.5347,-99999,-99999,16,16
58892,43.9578,-95.1306,-99999,-99999,15.6,15.6
58890,35.0522,-118.3581,-99999,-99999,15.5,15.5
58891,38.1167,-121.8333,-99999,-99999,15.5,15.5
58873,39.913408,-79.393644,-99999,-99999,15,15
58874,42.8072,-78.8617,-99999,-99999,15,15
58880,42.586667,-73.275,-99999,-99999,15,15
58871,42.0822,-94.365,-99999,-99999,14.7,14.7
58868,35.1011,-118.3372,-99999,-99999,14.1,14.1
58865,43.871944,-83.241388,-99999,-99999,14,14
58855,42.490341,-113.926605,-99999,-99999,13.5,13.5
58856,42.840556,-114.989722,-99999,-99999,13.5,13.5
58846,37.5499,-99.3444,-99999,-99999,12.5,12.5
58848,33.5697,-101.7653,-99999,-99999,12.5,12.5
58844,44.466944,-71.225,-99999,-99999,12.1,12.1
58832,43.983462,-96.011809,-99999,-99999,12,12
58833,42.436804,-113.925536,-99999,-99999,12,12
58834,42.870278,-114.967778,-99999,-99999,12,12
58831,48.083625,-100.9215,-99999,-99999,11.9,11.9
58826,44.421711,-96.434694,-99999,-99999,11.8,11.8
58825,33.92194,-116.56222,-99999,-99999,11.7,11.7
58823,33.9211,-116.5642,-99999,-99999,11.6,11.6
58824,43.6383,-96.391944,-99999,-99999,11.6,11.6
58815,42.894722,-75.451666,-99999,-99999,11.5,11.5
58822,35.322778,-101.5325,-99999,-99999,11.5,11.5
58810,44.39956,-96.428367,-99999,-99999,11.2,11.2
58807,37.7392,-121.4322,-99999,-99999,10.9,10.9
58803,20.257252,-155.850382,-99999,-99999,10.6,10.6
58793,37.7392,-121.4322,-99999,-99999,10.5,10.5
58794,41.2736,-103.6983,-99999,-99999,10.5,10.5
58795,42.858056,-114.949444,-99999,-99999,10.5,10.5
58796,42.7975,-114.998611,-99999,-99999,10.5,10.5
58797,42.836854,-114.969342,-99999,-99999,10.5,10.5
58798,42.8444,-115.0369,-99999,-99999,10.5,10.5
58799,43.3839,-94.1475,-99999,-99999,10.5,10.5
58801,43.445,-94.980278,-99999,-99999,10.5,10.5
58791,43.9358,-95.9222,-99999,-99999,10.4,10.4
58788,43.985833,-96.078611,-99999,-99999,10.2,10.2
58702,36.4983,-101.4958,-99999,-99999,10,10
58703,36.4886,-101.4597,-99999,-99999,10,10
58704,36.4417,-101.3497,-99999,-99999,10,10
58706,36.4453,-101.8761,-99999,-99999,10,10
58707,36.4669,-101.8222,-99999,-99999,10,10
58708,35.3503,-101.54,-99999,-99999,10,10
58709,35.8119,-101.9789,-99999,-99999,10,10
58710,35.8081,-101.9986,-99999,-99999,10,10
58711,35.9614,-101.8033,-99999,-99999,10,10
58712,36.0075,-101.8614,-99999,-99999,10,10
58713,36.0264,-101.9,-99999,-99999,10,10
58717,45.7286,-119.4181,-99999,-99999,10,10
58718,45.6447,-119.4533,-99999,-99999,10,10
58720,39.287222,-79.434444,-99999,-99999,10,10
58722,35.964272,-101.540238,-99999,-99999,10,10
58725,35.924858,-101.541363,-99999,-99999,10,10
58735,43.902753,-96.021744,-99999,-99999,10,10
58747,33.661111,-101.39,-99999,-99999,10,10
58753,35.145833,-114.0675,-99999,-99999,10,10
58755,46.275278,-109.482778,-99999,-99999,10,10
58756,46.275278,-109.482778,-99999,-99999,10,10
58761,44.661667,-73.07,-99999,-99999,10,10
58771,33.013889,-103.865,-99999,-99999,10,10
58772,47.723333,-111.965278,-99999,-99999,10,10
58687,45.6758,-119.9375,-99999,-99999,9.9,9.9
58688,45.7122,-119.4044,-99999,-99999,9.9,9.9
58689,45.6447,-119.4767,-99999,-99999,9.9,9.9
58698,34.746944,-103.325,-99999,-99999,9.9,9.9
58699,34.728056,-103.305,-99999,-99999,9.9,9.9
58685,46.449444,-110.087222,-99999,-99999,9.7,9.7
58684,46.411944,-110.337777,-99999,-99999,9.6,9.6
58683,33.9447,-116.6222,-99999,-99999,9.4,9.4
58670,39.979167,-79.012778,-99999,-99999,9,9
58673,47.4983,-111.4392,-99999,-99999,9,9
58674,57.7869,-152.4406,-99999,-99999,9,9
58677,45.613061,-120.616906,-99999,-99999,9,9
58679,27.832222,-97.440278,-99999,-99999,9,9
58669,39.9139,-105.2153,-99999,-99999,8.8,8.8
58668,35.060556,-118.389722,-99999,-99999,8.7,8.7
58661,41.3017,-89.6236,-99999,-99999,8.4,8.4
58660,45.6542,-119.4869,-99999,-99999,8.3,8.3
58644,33.8942,-116.5603,-99999,-99999,8,8
58648,42.098889,-94.269167,-99999,-99999,8,8
58650,37.772222,-104.832222,-99999,-99999,8,8
58628,35.0583,-118.3417,-99999,-99999,7.5,7.5
58629,39.382222,-74.4475,-99999,-99999,7.5,7.5
58626,35.1161,-118.3789,-99999,-99999,7.4,7.4
58624,33.9603,-116.5364,-99999,-99999,7.3,7.3
58623,41.3786,-83.7383,-99999,-99999,7.2,7.2
58622,48.021271,-101.280517,-99999,-99999,7.1,7.1
58616,42.678819,-78.243792,-99999,-99999,6.6,6.6
58617,45.6967,-119.4097,-99999,-99999,6.6,6.6
58612,35.0663,-118.339444,-99999,-99999,6.5,6.5
58613,33.9053,-116.5825,-99999,-99999,6.5,6.5
58605,41.835278,-106.242778,-99999,-99999,6.1,6.1
58599,46.793581,-124.065412,-99999,-99999,6,6
58600,33.908889,-116.555556,-99999,-99999,6,6
58594,33.9131,-116.5631,-99999,-99999,5.9,5.9
58595,41.850833,-91.234167,-99999,-99999,5.9,5.9
58591,43.63349,-95.609234,-99999,-99999,5.6,5.6
58584,38.033327,-102.537915,-99999,-99999,5.5,5.5
58583,33.9603,-116.5364,-99999,-99999,5.4,5.4
58577,42.8625,-72.9628,-99999,-99999,5.2,5.2
58578,40.99616,-104.824943,-99999,-99999,5.2,5.2
58579,43.575,-94.446667,-99999,-99999,5.2,5.2
58377,40.4144,-95.54,-99999,-99999,5,5
58379,45.7017,-119.4222,-99999,-99999,5,5
58488,41.660278,-89.249722,-99999,-99999,5,5
58491,33.029444,-103.855833,-99999,-99999,5,5
58323,43.991667,-91.877777,-99999,-99999,4.8,4.8
58324,43.733889,-90.805,-99999,-99999,4.8,4.8
58319,33.875,-116.625,-99999,-99999,4.7,4.7
58315,35.0583,-118.3083,-99999,-99999,4.6,4.6
58297,66.837778,-162.556944,-99999,-99999,4.5,4.5
58298,44.4967,-69.35,-99999,-99999,4.5,4.5
58299,41.6647,-70.5942,-99999,-99999,4.5,4.5
58300,43.9811,-96.4269,-99999,-99999,4.5,4.5
58301,44.094167,-68.865833,-99999,-99999,4.5,4.5
58303,40.905833,-84.570277,-99999,-99999,4.5,4.5
58306,41.016111,-84.5875,-99999,-99999,4.5,4.5
58312,41.79413,-71.38919,-99999,-99999,4.5,4.5
58314,41.096111,-83.641381,-99999,-99999,4.5,4.5
58284,47.139167,-120.753056,-99999,-99999,4.3,4.3
58276,44.3236,-95.8222,-99999,-99999,4.2,4.2
58277,44.3211,-95.7942,-99999,-99999,4.2,4.2
58278,44.3361,-95.8242,-99999,-99999,4.2,4.2
58279,35.75,-102.28,-99999,-99999,4.2,4.2
58229,45.121705,-95.053236,-99999,-99999,4,4
58230,43.6183,-95.4253,-99999,-99999,4,4
58231,43.6292,-95.4169,-99999,-99999,4,4
58232,43.6181,-95.4172,-99999,-99999,4,4
58233,43.6247,-95.4314,-99999,-99999,4,4
58234,43.5958,-95.3833,-99999,-99999,4,4
58235,47.3272,-97.8975,-99999,-99999,4,4
58218,43.5564,-96.303611,-99999,-99999,3.8,3.8
58219,43.3597,-93.3208,-99999,-99999,3.8,3.8
58171,44.502778,-95.175,-99999,-99999,3.4,3.4
58173,42.886944,-76.968333,-99999,-99999,3.4,3.4
58177,42.588583,-71.984194,-99999,-99999,3.4,3.4
58178,40.449444,-83.893333,-99999,-99999,3.4,3.4
58179,41.7525,-70.538889,-99999,-99999,3.4,3.4
58180,42.572222,-71.944722,-99999,-99999,3.4,3.4
58167,45.6531,-119.4625,-99999,-99999,3.3,3.3
58157,39.959167,-76.455555,-99999,-99999,3.2,3.2
58158,44.461908,-93.156387,-99999,-99999,3.2,3.2
58162,34.561944,-117.307222,-99999,-99999,3.2,3.2
58163,33.914167,-116.749167,-99999,-99999,3.2,3.2
58155,34.36,-103.0667,-99999,-99999,3.1,3.1
58082,41.451494,-90.148547,-99999,-99999,3,3
58083,42.4789,-71.9,-99999,-99999,3,3
58084,42.82579,-99.777467,-99999,-99999,3,3
58085,33.890913,-116.541515,-99999,-99999,3,3
58086,35.075,-118.3417,-99999,-99999,3,3
58088,36.4725,-101.3278,-99999,-99999,3,3
58100,44.396944,-117.271944,-99999,-99999,3,3
58102,34.623056,-117.1125,-99999,-99999,3,3
58130,42.709444,-87.885278,-99999,-99999,3,3
58138,41.639061,-70.873372,-99999,-99999,3,3
58150,41.101219,-83.644394,-99999,-99999,3,3
58048,42.7317,-92.4711,-99999,-99999,2.7,2.7
58038,64.505924,-165.429384,-99999,-99999,2.6,2.6
58039,43.848529,-99.24757,-99999,-99999,2.6,2.6
58012,41.584444,-81.525555,-99999,-99999,2.5,2.5
58015,44.728333,-93.048056,-99999,-99999,2.5,2.5
57998,35.0925,-118.3952,-99999,-99999,2.4,2.4
57989,43.034722,-94.140556,-99999,-99999,2.3,2.3
57959,36.120994,-84.338733,-99999,-99999,2.1,2.1
57963,43.6256,-95.3725,-99999,-99999,2.1,2.1
57964,43.6256,-95.3672,-99999,-99999,2.1,2.1
57965,43.6256,-95.3619,-99999,-99999,2.1,2.1
57966,43.6256,-95.3567,-99999,-99999,2.1,2.1
57967,44.3303,-95.8344,-99999,-99999,2.1,2.1
57968,44.3308,-95.8297,-99999,-99999,2.1,2.1
57969,44.3253,-95.8142,-99999,-99999,2.1,2.1
57970,43.6825,-94.5892,-99999,-99999,2.1,2.1
57815,42.9625,-90.386667,-99999,-99999,2,2
57816,43.899722,-95.950556,-99999,-99999,2,2
57817,43.9204,-95.955885,-99999,-99999,2,2
57818,43.9897,-96.2236,-99999,-99999,2,2
57819,43.9931,-96.2186,-99999,-99999,2,2
57820,43.984444,-96.219444,-99999,-99999,2,2
57821,43.980278,-96.223333,-99999,-99999,2,2
57822,43.988611,-96.215556,-99999,-99999,2,2
57823,44.0364,-96.0736,-99999,-99999,2,2
57824,44.0236,-96.0789,-99999,-99999,2,2
57827,44.0197,-96.1183,-99999,-99999,2,2
57828,43.651389,-95.368611,-99999,-99999,2,2
57829,43.651389,-95.3825,-99999,-99999,2,2
57830,44.0508,-96.0933,-99999,-99999,2,2
57831,43.651389,-95.3755,-99999,-99999,2,2
57832,43.4058,-95.6547,-99999,-99999,2,2
57833,43.4058,-95.6575,-99999,-99999,2,2
57834,43.917,-95.954,-99999,-99999,2,2
57838,38.782931,-75.164903,-99999,-99999,2,2
57845,37.714167,-121.521666,-99999,-99999,2,2
57854,33.917222,-116.815,-99999,-99999,2,2
57887,41.978889,-70.715833,-99999,-99999,2,2
57888,42.717222,-70.846389,-99999,-99999,2,2
57937,41.745556,-71.117222,-99999,-99999,2,2
57761,44.42,-96.4347,-99999,-99999,1.9,1.9
57762,44.4289,-96.4358,-99999,-99999,1.9,1.9
57763,44.4231,-96.4458,-99999,-99999,1.9,1.9
57764,44.4278,-96.43,-99999,-99999,1.9,1.9
57765,44.4233,-96.4411,-99999,-99999,1.9,1.9
57766,44.4131,-96.4325,-99999,-99999,1.9,1.9
57767,44.2081,-96.1989,-99999,-99999,1.9,1.9
57768,44.2258,-96.2789,-99999,-99999,1.9,1.9
57769,44.2358,-96.2383,-99999,-99999,1.9,1.9
57770,44.2364,-96.2331,-99999,-99999,1.9,1.9
57771,44.2128,-96.2131,-99999,-99999,1.9,1.9
57772,44.2275,-96.2192,-99999,-99999,1.9,1.9
57773,44.2253,-96.235,-99999,-99999,1.9,1.9
57774,44.2297,-96.225,-99999,-99999,1.9,1.9
57775,47.0053,-96.4356,-99999,-99999,1.9,1.9
57788,64.013889,-145.596667,-99999,-99999,1.9,1.9
57798,42.859103,-100.592439,-99999,-99999,1.9,1.9
57739,35.0908,-118.3936,-99999,-99999,1.8,1.8
57740,41.657539,-106.189183,-99999,-99999,1.8,1.8
57741,45.7644,-84.7381,-99999,-99999,1.8,1.8
57742,42.261111,-70.856389,-99999,-99999,1.8,1.8
57744,35.155278,-118.369444,-99999,-99999,1.8,1.8
57745,38.1728,-104.62,-99999,-99999,1.8,1.8
57715,39.6189,-90.8461,-99999,-99999,1.7,1.7
57716,44.0256,-96.4303,-99999,-99999,1.7,1.7
57717,44.0247,-96.4369,-99999,-99999,1.7,1.7
57721,44.015,-96.4367,-99999,-99999,1.7,1.7
57722,44.0211,-96.4406,-99999,-99999,1.7,1.7
57723,44.0208,-96.4331,-99999,-99999,1.7,1.7
57725,45.655,-119.4647,-99999,-99999,1.7,1.7
57727,41.6083,-70.6089,-99999,-99999,1.7,1.7
57738,40.537,-89.019,-99999,-99999,1.7,1.7
57676,44.3989,-96.4178,-99999,-99999,1.6,1.6
57677,35.0772,-118.3811,-99999,-99999,1.6,1.6
57684,41.6067,-70.6206,-99999,-99999,1.6,1.6
57685,42.716389,-70.841944,-99999,-99999,1.6,1.6
57687,43.384722,-93.221389,-99999,-99999,1.6,1.6
57689,43.297222,-93.283333,-99999,-99999,1.6,1.6
57692,43.326944,-91.810833,-99999,-99999,1.6,1.6
57693,41.226944,-94.434722,-99999,-99999,1.6,1.6
57694,41.338889,-94.57,-99999,-99999,1.6,1.6
57695,41.29,-94.485,-99999,-99999,1.6,1.6
57696,41.39,-94.445833,-99999,-99999,1.6,1.6
57697,41.29,-94.488056,-99999,-99999,1.6,1.6
57698,41.391944,-94.876389,-99999,-99999,1.6,1.6
57701,44.462222,-93.192778,-99999,-99999,1.6,1.6
57706,38.233611,-122.0925,-99999,-99999,1.6,1.6
57521,43.754739,-95.853447,-99999,-99999,1.5,1.5
57522,44.0119,-96.1125,-99999,-99999,1.5,1.5
57526,35.17,-103.74,-99999,-99999,1.5,1.5
57535,41.6144,-71.2514,-99999,-99999,1.5,1.5
57549,44.1125,-91.924722,-99999,-99999,1.5,1.5
57550,37.6167,-121.3564,-99999,-99999,1.5,1.5
57551,41.3931,-94.4447,-99999,-99999,1.5,1.5
57553,41.2258,-94.4406,-99999,-99999,1.5,1.5
57556,39.973333,-90.699166,-99999,-99999,1.5,1.5
57557,38.232222,-122.092778,-99999,-99999,1.5,1.5
57563,43.385833,-92.759444,-99999,-99999,1.5,1.5
57564,42.391389,-71.070833,-99999,-99999,1.5,1.5
57576,40.955,-91.394444,-99999,-99999,1.5,1.5
57605,42.208056,-93.599444,-99999,-99999,1.5,1.5
57606,42.161389,-92.4425,-99999,-99999,1.5,1.5
57608,41.925278,-70.64,-99999,-99999,1.5,1.5
57640,41.581667,-71.486667,-99999,-99999,1.5,1.5
57664,42.175083,-70.728467,-99999,-99999,1.5,1.5
57674,40.718292,-83.22865,-99999,-99999,1.5,1.5
57498,46.895,-96.7347,-99999,-99999,1.4,1.4
57499,40.9044,-96.6231,-99999,-99999,1.4,1.4
57500,43.4,-95.6333,-99999,-99999,1.4,1.4
57432,31.7158,-105.9908,-99999,-99999,1.3,1.3
57433,44.1508,-96.1361,-99999,-99999,1.3,1.3
57434,44.290556,-96.433333,-99999,-99999,1.3,1.3
57435,44.2851,-96.4257,-99999,-99999,1.3,1.3
57436,43.6558,-94.1536,-99999,-99999,1.3,1.3
57437,43.6558,-94.1564,-99999,-99999,1.3,1.3
57438,44.3144,-96.3317,-99999,-99999,1.3,1.3
57439,44.287778,-96.433333,-99999,-99999,1.3,1.3
57441,44.314722,-96.325833,-99999,-99999,1.3,1.3
57442,44.2851,-96.43325,-99999,-99999,1.3,1.3
57443,43.5811,-95.78,-99999,-99999,1.3,1.3
57444,43.5833,-95.7781,-99999,-99999,1.3,1.3
57446,43.586111,-95.776111,-99999,-99999,1.3,1.3
57447,43.581111,-95.775833,-99999,-99999,1.3,1.3
57448,43.586111,-95.780278,-99999,-99999,1.3,1.3
57449,44.3197,-96.3317,-99999,-99999,1.3,1.3
57390,43.9405,-94.9434,-99999,-99999,1.2,1.2
57392,44.6108,-87.5586,-99999,-99999,1.2,1.2
57393,42.353333,-70.962778,-99999,-99999,1.2,1.2
57204,43.385347,-94.815655,-99999,-99999,1,1
57221,40.1908,-84.8172,-99999,-99999,1,1
57222,40.2097,-84.8219,-99999,-99999,1,1
57227,34.084722,-117.529444,-99999,-99999,1,1
57244,38.42,-121.818056,-99999,-99999,1,1
57245,40.111111,-122.193889,-99999,-99999,1,1
57246,38.692778,-121.9325,-99999,-99999,1,1
57306,41.602222,-81.496944,-99999,-99999,1,1
57326,32.702107,-116.354587,-99999,-99999,1,1
57327,36.421111,-121.340278,-99999,-99999,1,1
57330,36.505,-121.451667,-99999,-99999,1,1
57172,44.6694,-87.6333,-99999,-99999,0.9,0.9
57162,41.916558,-91.650897,-99999,-99999,0.7,0.7
57160,45.5897,-95.877033,-99999,-99999,0.6,0.6
57153,43.279722,-92.810556,-99999,-99999,0.5,0.5
57152,45.589722,-95.876944,-99999,-99999,0.4,0.4
57134,43.6575,-88.4381,-99999,-99999,0.2,0.2
57132,40.652778,-74.117778,-99999,-99999,0.1,0.1
