system:index,elevation,nameindex,slope,vs,.geo
1_1_697_0,135,1.0,3.920016,5.88615,
1_1_270_0,456,1.0,2.7802885,4.057361,
1_1_1148_0,97,1.0,0.92740995,4.3458695,
1_1_95_0,270,1.0,3.7047918,5.1991334,
1_1_988_0,97,1.0,5.910566,3.9173903,
1_1_2069_0,155,1.0,2.7712014,3.878036,
1_1_2181_0,137,1.0,3.067708,5.116841,
1_1_1359_0,103,1.0,4.307695,5.116841,
1_1_1286_0,96,1.0,7.035173,5.0003386,
1_1_83_0,113,1.0,3.1847825,5.301155,
1_1_52_0,142,1.0,2.6066484,4.1846685,
1_1_1560_0,57,1.0,6.4071712,4.7263327,
1_1_1204_0,49,1.0,2.2721763,4.342097,
1_1_1789_0,60,1.0,2.7919776,3.419383,
1_1_268_0,1313,1.0,1.5747331,3.907481,
1_1_150_0,89,1.0,2.2651355,4.273995,
1_1_1188_0,1328,1.0,4.9995904,3.8459232,
1_1_2030_0,1604,1.0,7.4445777,3.8325937,
1_1_304_0,1441,1.0,1.8543341,4.9936996,
1_1_997_0,1012,1.0,0.0,3.3724134,
1_1_316_0,93,1.0,1.3130012,5.7252707,
1_1_290_0,64,1.0,1.52062,4.708192,
1_1_772_0,66,1.0,0.92740995,3.2535076,
1_1_1849_0,93,1.0,7.320899,3.1894004,
1_1_490_0,27,1.0,0.92740995,2.6928065,
1_1_489_0,27,1.0,1.5161529,2.6928065,
1_1_1136_0,24,1.0,2.5683017,2.7267697,
1_1_1171_0,157,1.0,12.994624,5.2643204,
1_1_1104_0,89,1.0,2.7802885,5.0291033,
1_1_1107_0,92,1.0,6.0265136,3.650385,
1_1_757_0,11,1.0,3.0226736,2.5365736,
1_1_1281_0,7,1.0,2.7802885,2.6234412,
1_1_2220_0,45,1.0,4.820352,3.2125952,
1_1_765_0,10,1.0,3.992081,3.331844,
1_1_1278_0,39,1.0,4.5015607,3.7528691,
1_1_771_0,39,1.0,3.020905,3.7528691,
1_1_778_0,26,1.0,1.1834913,3.8779716,
1_1_199_0,22,1.0,2.2006073,2.7992563,
1_1_375_0,8,1.0,1.1849637,2.8917909,
1_1_387_0,8,1.0,1.1849637,2.8917909,
1_1_917_0,30,1.0,2.5375204,3.9525275,
1_1_1544_0,1,1.0,0.92740995,3.2475758,
1_1_506_0,10,1.0,1.4982038,3.403605,
1_1_289_0,8,1.0,3.9830189,3.6512063,
1_1_824_0,16,1.0,3.4671037,3.4799001,
1_1_1425_0,124,1.0,6.0170374,3.0027812,
1_1_689_0,-3,1.0,0.0,3.8449173,
1_1_368_0,174,1.0,3.6334276,2.9157557,
1_1_1367_0,60,1.0,3.6381412,3.1757927,
1_1_1369_0,30,1.0,1.4978017,3.2505062,
1_1_177_0,36,1.0,1.1726006,3.5502937,
1_1_666_0,28,1.0,2.1969829,2.9228766,
1_1_657_0,33,1.0,7.4578223,2.977212,
1_1_747_0,324,1.0,2.1948633,3.4253967,
1_1_1494_0,53,1.0,4.778499,3.3582609,
1_1_1134_0,51,1.0,0.92740995,3.998991,
1_1_1534_0,49,1.0,1.8543341,3.6211205,
1_1_1531_0,49,1.0,2.3296387,3.6211205,
1_1_2014_0,59,1.0,2.1885285,3.0041187,
1_1_1539_0,79,1.0,0.0,3.5754423,
1_1_1357_0,88,1.0,0.92740995,3.4821641,
1_1_98_0,199,1.0,4.5839686,2.2119102,
1_1_110_0,194,1.0,2.1806614,2.2119102,
1_1_1410_0,79,1.0,1.4803928,2.7291408,
1_1_1412_0,132,1.0,2.1828942,2.5427806,
1_1_1217_0,49,1.0,1.4814092,2.9263208,
1_1_102_0,62,1.0,0.92740995,3.5998464,
1_1_888_0,58,1.0,1.4827273,3.5167286,
1_1_4_0,49,1.0,1.4830507,3.600648,
1_1_2233_0,70,1.0,2.4973416,3.237304,
1_1_73_0,32,1.0,2.1879363,3.0145667,
1_1_311_0,65,1.0,2.972731,3.057317,
1_1_1602_0,70,1.0,3.011983,3.1933517,
1_1_673_0,76,1.0,4.3676343,3.0970864,
1_1_627_0,104,1.0,1.4833616,2.8923814,
1_1_545_0,98,1.0,2.185941,2.9137435,
1_1_263_0,86,1.0,5.1681876,2.8560588,
1_1_331_0,61,1.0,3.6122944,2.825243,
1_1_1382_0,55,1.0,1.4804057,2.724863,
1_1_1366_0,73,1.0,2.9558058,2.5865645,
1_1_1368_0,79,1.0,3.0087514,2.5865645,
1_1_1414_0,92,1.0,3.0076437,2.512514,
1_1_800_0,102,1.0,1.4758815,2.4409733,
1_1_1804_0,119,1.0,1.1488633,2.370266,
1_1_362_0,128,1.0,1.4759289,2.3028498,
1_1_1202_0,232,1.0,0.0,2.381081,
1_1_1191_0,225,1.0,3.8770583,2.381081,
1_1_1190_0,226,1.0,1.1460427,2.381081,
1_1_62_0,58,1.0,1.4748912,2.72567,
1_1_302_0,63,1.0,2.1813471,2.5033383,
1_1_374_0,63,1.0,0.92740995,2.496231,
1_1_1215_0,62,1.0,0.0,2.5033383,
1_1_1208_0,67,1.0,3.5671496,2.6269803,
1_1_1570_0,74,1.0,0.92740995,2.240435,
1_1_1802_0,62,1.0,0.92740995,2.2778077,
1_1_2056_0,65,1.0,1.4759257,2.1759496,
1_1_214_0,66,1.0,3.4417582,2.2268786,
1_1_493_0,64,1.0,1.4758846,2.1759496,
1_1_1481_0,69,1.0,5.7577825,2.1759496,
1_1_1324_0,63,1.0,1.4758403,2.1759496,
1_1_820_0,79,1.0,1.4765875,2.1362517,
1_1_1733_0,101,1.0,7.808536,2.1433606,
1_1_443_0,91,1.0,5.1658926,2.221086,
1_1_1130_0,121,1.0,1.4820234,2.3170989,
1_1_451_0,110,1.0,2.9555113,2.4100666,
1_1_452_0,114,1.0,0.92740995,2.2553895,
1_1_2166_0,1319,1.0,2.563111,3.0599883,
1_1_597_0,38,1.0,0.0,2.61933,
1_1_1599_0,14,1.0,1.1809227,2.7026951,
1_1_1600_0,11,1.0,0.92740995,2.7133436,
1_1_1752_0,1,1.0,1.5017799,2.7499096,
1_1_1750_0,2,1.0,2.36179,2.7499096,
1_1_1666_0,7,1.0,1.5024918,2.662607,
1_1_1698_0,7,1.0,1.5026025,2.660224,
1_1_1699_0,7,1.0,1.5026025,2.660224,
1_1_1700_0,7,1.0,1.5026025,2.660224,
1_1_1582_0,7,1.0,3.0035822,2.660224,
1_1_1681_0,11,1.0,0.0,2.660224,
1_1_1684_0,11,1.0,0.0,2.660224,
1_1_1697_0,11,1.0,0.0,2.660224,
1_1_1722_0,12,1.0,3.7047918,2.6522381,
1_1_1723_0,12,1.0,3.7047918,2.6522381,
1_1_1724_0,12,1.0,3.7047918,2.6522381,
1_1_1725_0,12,1.0,3.7047918,2.6522381,
1_1_1730_0,12,1.0,3.7047918,2.6522381,
1_1_1731_0,12,1.0,3.7047918,2.6522381,
1_1_1390_0,13,1.0,1.5043998,2.6544235,
1_1_262_0,13,1.0,2.3693984,2.6429863,
1_1_1830_0,6,1.0,4.0043864,2.6347558,
1_1_2005_0,22,1.0,1.8543341,2.6294255,
1_1_380_0,5,1.0,2.5479972,2.59067,
1_1_829_0,18,1.0,0.0,2.6744409,
1_1_1159_0,92,1.0,3.6532886,2.718238,
1_1_1614_0,90,1.0,2.3726482,2.6832929,
1_1_1615_0,85,1.0,3.6745126,2.72261,
1_1_215_0,81,1.0,5.1297617,2.7645545,
1_1_425_0,42,1.0,5.6713715,2.6660461,
1_1_1685_0,39,1.0,1.1843339,2.6582015,
1_1_1717_0,39,1.0,1.1843339,2.6582015,
1_1_1683_0,39,1.0,3.6495042,2.6582015,
1_1_1680_0,46,1.0,1.8543341,2.6582015,
1_1_792_0,1516,1.0,1.5033133,3.8600419,
1_1_250_0,1520,1.0,3.8881214,3.8600419,
1_1_50_0,1528,1.0,1.5021356,3.5732877,
1_1_798_0,1535,1.0,3.887643,3.4783218,
1_1_799_0,1545,1.0,0.92740995,3.4783218,
1_1_793_0,1727,1.0,0.0,4.4410954,
1_1_833_0,1740,1.0,2.194804,3.0416362,
1_1_796_0,1760,1.0,1.498477,3.613073,
1_1_797_0,1662,1.0,2.522791,3.1622267,
1_1_141_0,1626,1.0,0.92740995,3.3675535,
1_1_140_0,1660,1.0,2.1936786,3.6838703,
1_1_227_0,1682,1.0,2.7802885,3.848083,
1_1_795_0,1600,1.0,1.4936819,5.0425715,
1_1_1070_0,1501,1.0,0.92740995,3.9429228,
1_1_1676_0,681,1.0,6.880846,4.465352,
1_1_1133_0,1443,1.0,0.0,4.7355156,
1_1_1086_0,843,1.0,2.1706884,4.2333455,
1_1_509_0,792,1.0,0.0,4.5666647,
1_1_515_0,777,1.0,0.0,4.511849,
1_1_1613_0,936,1.0,2.4440331,4.5878754,
1_1_1195_0,843,1.0,3.5177639,4.772103,
1_1_1203_0,843,1.0,3.5177639,4.772103,
1_1_648_0,836,1.0,3.0015192,4.708558,
1_1_661_0,818,1.0,3.8653004,4.6136246,
1_1_649_0,785,1.0,2.1714811,4.516379,
1_1_647_0,789,1.0,2.7802885,4.516379,
1_1_930_0,744,1.0,1.4603827,4.1433744,
1_1_931_0,744,1.0,1.4603827,4.1433744,
1_1_932_0,744,1.0,1.4603827,4.1433744,
1_1_933_0,744,1.0,1.4603827,4.1433744,
1_1_935_0,744,1.0,1.4603827,4.1433744,
1_1_915_0,744,1.0,2.7802885,4.1433744,
1_1_928_0,743,1.0,1.1281728,4.1433744,
1_1_929_0,743,1.0,1.1281728,4.1433744,
1_1_571_0,732,1.0,3.5778024,4.1433744,
1_1_1461_0,710,1.0,3.5052352,4.1259336,
1_1_1155_0,707,1.0,4.761807,4.1259336,
1_1_1459_0,720,1.0,4.5040646,4.0984607,
1_1_2200_0,754,1.0,2.999469,4.219621,
1_1_235_0,747,1.0,1.4597281,4.219621,
1_1_568_0,744,1.0,4.6273675,4.0973783,
1_1_563_0,753,1.0,5.0075326,4.219621,
1_1_572_0,751,1.0,2.169738,4.219621,
1_1_564_0,752,1.0,1.4596202,4.219621,
1_1_567_0,732,1.0,1.1279267,4.0973783,
1_1_827_0,731,1.0,6.264297,4.0973783,
1_1_1740_0,765,1.0,6.2618,4.3727345,
1_1_1729_0,765,1.0,1.4596611,4.3727345,
1_1_200_0,788,1.0,3.5762658,4.615894,
1_1_1526_0,798,1.0,2.9992867,4.615894,
1_1_86_0,795,1.0,2.9992895,4.615894,
1_1_1528_0,804,1.0,1.4590845,4.615894,
1_1_295_0,801,1.0,2.1693525,4.615894,
1_1_1339_0,723,1.0,1.8543341,4.0826244,
1_1_1343_0,723,1.0,1.8543341,4.0826244,
1_1_1309_0,718,1.0,3.505148,4.067871,
1_1_1312_0,718,1.0,3.505148,4.067871,
1_1_1314_0,718,1.0,3.505148,4.067871,
1_1_565_0,774,1.0,1.4595503,4.166391,
1_1_481_0,780,1.0,1.127522,3.9919643,
1_1_488_0,784,1.0,0.92740995,3.9919643,
1_1_817_0,791,1.0,1.4599471,3.929159,
1_1_2074_0,775,1.0,1.4600259,3.929159,
1_1_2068_0,772,1.0,0.0,3.929159,
1_1_306_0,751,1.0,1.4602336,4.138398,
1_1_2011_0,773,1.0,2.7802885,4.5608134,
1_1_1213_0,816,1.0,2.920076,4.3303,
1_1_397_0,282,1.0,2.7802885,3.1868184,
1_1_396_0,245,1.0,2.1664574,3.1515915,
1_1_65_0,257,1.0,0.0,3.1863992,
1_1_405_0,67,1.0,10.957935,2.5273428,
1_1_1122_0,236,1.0,10.145865,2.3992412,
1_1_69_0,128,1.0,2.9054022,2.3648188,
1_1_1119_0,95,1.0,10.613884,2.3973923,
1_1_1774_0,103,1.0,20.274452,2.3524604,
1_1_1735_0,37,1.0,2.2343197,2.259558,
1_1_547_0,96,1.0,4.7596383,2.3223321,
1_1_1707_0,26,1.0,2.4186058,2.2630332,
1_1_1718_0,31,1.0,0.92740995,2.2630332,
1_1_594_0,894,1.0,2.9992247,4.4292374,
1_1_584_0,912,1.0,5.6885753,4.6080413,
1_1_2026_0,1099,1.0,0.92740995,4.210584,
1_1_2019_0,1108,1.0,1.4577488,4.210584,
1_1_1761_0,167,1.0,0.92740995,2.40972,
1_1_2211_0,267,1.0,3.4792967,2.7691553,
1_1_752_0,278,1.0,5.6549706,2.8142202,
1_1_1006_0,268,1.0,3.5666044,2.947625,
1_1_999_0,268,1.0,4.4681573,2.875475,
1_1_1001_0,264,1.0,5.2566524,2.947625,
1_1_1016_0,265,1.0,1.4533306,2.875475,
1_1_1404_0,260,1.0,1.1190313,2.875475,
1_1_1406_0,256,1.0,3.5664442,2.875475,
1_1_2209_0,360,1.0,1.4539295,3.1078267,
1_1_1039_0,329,1.0,6.936404,3.1629114,
1_1_748_0,269,1.0,7.230953,3.1629114,
1_1_1038_0,320,1.0,6.2272654,3.1629114,
1_1_1002_0,327,1.0,4.3535547,3.1629114,
1_1_1021_0,327,1.0,4.7597632,3.1629114,
1_1_1034_0,318,1.0,3.7047918,3.1629114,
1_1_1056_0,455,1.0,0.92740995,3.5773864,
1_1_1054_0,454,1.0,2.4238815,3.5773864,
1_1_1012_0,374,1.0,2.4229789,3.5888011,
1_1_2255_0,330,1.0,1.1198456,3.5901759,
1_1_1050_0,854,1.0,4.3659887,3.7902331,
1_1_805_0,881,1.0,4.4948826,3.615311,
1_1_803_0,890,1.0,3.4989908,3.615311,
1_1_768_0,929,1.0,3.871388,3.5760927,
1_1_1476_0,1061,1.0,9.261323,3.8950686,
1_1_2053_0,1181,1.0,2.4308257,3.924839,
1_1_2055_0,1177,1.0,6.4327226,3.924839,
1_1_2052_0,1175,1.0,3.3690476,4.0023108,
1_1_546_0,990,1.0,3.574267,4.1469564,
1_1_544_0,1005,1.0,2.2496302,4.0747194,
1_1_357_0,943,1.0,2.1689022,4.1469564,
1_1_1131_0,914,1.0,0.92740995,4.1560636,
1_1_1536_0,937,1.0,1.1254512,4.0021086,
1_1_1518_0,941,1.0,2.2499971,4.0021086,
1_1_1522_0,944,1.0,1.4581448,4.0021086,
1_1_1519_0,950,1.0,3.4973133,4.0021086,
1_1_2072_0,897,1.0,5.0050693,4.055234,
1_1_2073_0,897,1.0,5.0050693,4.055234,
1_1_804_0,909,1.0,5.1416125,4.1560636,
1_1_2207_0,922,1.0,4.331773,4.218734,
1_1_2208_0,922,1.0,4.331773,4.218734,
1_1_2164_0,767,1.0,4.333654,3.9163215,
1_1_927_0,807,1.0,6.464861,3.9539726,
1_1_934_0,803,1.0,2.4350407,3.9539726,
1_1_926_0,804,1.0,0.92740995,3.9416482,
1_1_2045_0,734,1.0,1.4608605,3.6294427,
1_1_2047_0,735,1.0,0.92740995,3.6294427,
1_1_2044_0,735,1.0,1.1288973,3.6294427,
1_1_499_0,632,1.0,5.547545,3.4769492,
1_1_500_0,642,1.0,3.0014367,3.4769492,
1_1_1167_0,626,1.0,2.924977,3.4975324,
1_1_202_0,708,1.0,3.5130286,3.820632,
1_1_1375_0,710,1.0,3.0008466,3.7633636,
1_1_504_0,756,1.0,1.463451,3.365999,
1_1_505_0,753,1.0,1.4633975,3.365999,
1_1_503_0,761,1.0,1.4635342,3.365999,
1_1_501_0,764,1.0,0.0,3.365999,
1_1_502_0,768,1.0,1.4635462,3.365999,
1_1_1371_0,735,1.0,5.713148,3.7633636,
1_1_566_0,887,1.0,7.8647747,3.5263472,
1_1_806_0,896,1.0,2.2496078,3.5878785,
1_1_1498_0,1004,1.0,4.3298297,3.1511197,
1_1_525_0,919,1.0,1.4573536,3.2225928,
1_1_381_0,562,1.0,8.159845,3.2882657,
1_1_2065_0,662,1.0,3.6023662,3.544885,
1_1_108_0,665,1.0,3.5589406,3.8107104,
1_1_614_0,518,1.0,2.2955766,3.720715,
1_1_220_0,550,1.0,2.7802885,3.5650208,
1_1_645_0,774,1.0,2.4824321,3.6643765,
1_1_703_0,755,1.0,3.574155,3.6643765,
1_1_2089_0,595,1.0,5.9996786,3.5983038,
1_1_651_0,578,1.0,5.999342,3.714987,
1_1_1424_0,1027,1.0,4.6273675,4.2662196,
1_1_179_0,693,1.0,2.9252205,4.588554,
1_1_161_0,214,1.0,2.4452026,3.654868,
1_1_2048_0,1080,1.0,2.4580219,4.6470237,
1_1_1914_0,584,1.0,1.4719176,3.5868368,
1_1_996_0,565,1.0,1.4718618,3.5868368,
1_1_680_0,560,1.0,5.9884186,3.5868368,
1_1_1945_0,544,1.0,1.4720665,3.5286052,
1_1_1128_0,544,1.0,1.1446867,3.6313863,
1_1_854_0,882,1.0,2.459421,4.2941775,
1_1_852_0,919,1.0,2.2789154,4.3584614,
1_1_821_0,796,1.0,5.9757333,4.119822,
1_1_822_0,887,1.0,5.861473,3.8911254,
1_1_1306_0,920,1.0,3.0055006,3.674415,
1_1_856_0,973,1.0,3.5402122,4.3584614,
1_1_699_0,203,1.0,3.7047918,3.2736313,
1_1_1881_0,213,1.0,1.1162946,3.2736313,
1_1_68_0,-21,1.0,1.1089491,3.1472816,
1_1_187_0,-26,1.0,1.4454231,3.0785344,
1_1_665_0,133,1.0,2.225143,3.4373517,
1_1_759_0,133,1.0,0.92740995,3.4373517,
1_1_675_0,134,1.0,2.8952599,3.4373517,
1_1_1240_0,114,1.0,2.2276378,3.0484307,
1_1_586_0,145,1.0,4.544945,2.825288,
1_1_337_0,140,1.0,3.3399363,2.825288,
1_1_767_0,135,1.0,2.8952653,3.4373517,
1_1_693_0,116,1.0,2.1624644,3.1905367,
1_1_436_0,78,1.0,1.4488903,3.107265,
1_1_435_0,78,1.0,1.4488738,3.107265,
1_1_1687_0,120,1.0,2.4125388,2.984542,
1_1_1691_0,1277,1.0,2.7802885,3.7228978,
1_1_1205_0,156,1.0,1.442832,2.358361,
1_1_367_0,352,1.0,2.1610563,2.8350916,
1_1_424_0,349,1.0,2.9938042,2.712489,
1_1_1596_0,246,1.0,3.8055654,2.60476,
1_1_1612_0,273,1.0,2.4049616,2.739399,
1_1_2070_0,247,1.0,0.0,2.5436797,
1_1_512_0,168,1.0,0.92740995,2.4406934,
1_1_1472_0,165,1.0,2.2113547,2.4406934,
1_1_543_0,217,1.0,1.4423054,2.6214178,
1_1_1260_0,220,1.0,1.8543341,2.6279778,
1_1_1435_0,214,1.0,2.2115846,2.620642,
1_1_662_0,213,1.0,2.3976164,2.620642,
1_1_1470_0,219,1.0,1.4432505,2.620642,
1_1_1706_0,516,1.0,1.4370748,4.31643,
1_1_1677_0,67,1.0,1.1018867,2.7795115,
1_1_1887_0,103,1.0,3.4282124,2.8712633,
1_1_766_0,-48,1.0,2.8858032,2.734664,
1_1_1328_0,-61,1.0,1.8543341,3.086821,
1_1_692_0,-33,1.0,2.7802885,2.5714839,
1_1_701_0,-42,1.0,1.1055532,2.524312,
1_1_541_0,-5,1.0,1.4400684,2.651545,
1_1_1356_0,-4,1.0,2.9899313,2.6917386,
1_1_624_0,-1,1.0,0.0,2.5314698,
1_1_513_0,-3,1.0,0.92740995,2.3921828,
1_1_814_0,-13,1.0,2.8805192,2.2898295,
1_1_1734_0,52,1.0,3.8646736,2.7453816,
1_1_604_0,-13,1.0,2.39135,2.9619582,
1_1_91_0,-9,1.0,1.4441067,2.9362786,
1_1_82_0,-7,1.0,1.4441309,2.9362786,
1_1_1839_0,173,1.0,2.1603522,2.7589288,
1_1_1321_0,195,1.0,1.1095418,2.6988707,
1_1_198_0,672,1.0,2.4249356,3.4987369,
1_1_391_0,666,1.0,3.4843402,3.4987369,
1_1_382_0,589,1.0,2.1665165,3.428793,
1_1_762_0,728,1.0,2.9970014,3.7413087,
1_1_1650_0,313,1.0,3.474916,4.02008,
1_1_1620_0,230,1.0,1.8543341,3.964947,
1_1_674_0,257,1.0,2.1646821,4.0300283,
1_1_696_0,192,1.0,6.468857,3.9630237,
1_1_330_0,742,1.0,11.814459,3.3926306,
1_1_2051_0,455,1.0,8.575543,2.7704499,
1_1_395_0,472,1.0,5.781901,2.7776375,
1_1_38_0,466,1.0,1.4502947,2.7776375,
1_1_390_0,462,1.0,2.2302887,2.748491,
1_1_1444_0,295,1.0,0.92740995,3.1701794,
1_1_1115_0,442,1.0,3.5535853,2.9937224,
1_1_1118_0,442,1.0,3.5535853,2.9937224,
1_1_1111_0,439,1.0,5.589731,2.8714314,
1_1_1112_0,439,1.0,5.589731,2.8714314,
1_1_1442_0,146,1.0,1.4421489,2.7360768,
1_1_1756_0,123,1.0,3.8649657,2.680381,
1_1_1408_0,442,1.0,4.3464394,2.8567526,
1_1_2210_0,483,1.0,1.1172498,2.9241476,
1_1_769_0,450,1.0,2.417472,2.8567526,
1_1_1023_0,375,1.0,2.1657481,3.5151505,
1_1_1004_0,336,1.0,5.796118,3.5151505,
1_1_1008_0,343,1.0,2.165771,3.5151505,
1_1_1036_0,345,1.0,2.7802885,3.5198708,
1_1_1018_0,350,1.0,1.4537853,3.5198708,
1_1_1014_0,347,1.0,2.905707,3.5198708,
1_1_1796_0,355,1.0,4.3253403,3.5151505,
1_1_763_0,318,1.0,3.4813905,3.5552275,
1_1_1058_0,312,1.0,4.7598047,3.5552275,
1_1_313_0,248,1.0,4.350627,3.18508,
1_1_2258_0,267,1.0,2.4217129,3.6067438,
1_1_216_0,263,1.0,5.6540213,3.0456738,
1_1_883_0,236,1.0,2.7802885,3.0456738,
1_1_1566_0,246,1.0,7.2153788,2.9242485,
1_1_1809_0,174,1.0,1.4525621,2.6466358,
1_1_746_0,189,1.0,4.465188,2.5683458,
1_1_2059_0,47,1.0,5.133,2.371571,
1_1_1603_0,20,1.0,1.8543341,2.2819889,
1_1_1110_0,30,1.0,0.0,2.2630332,
1_1_1125_0,30,1.0,0.0,2.2630332,
1_1_1135_0,18,1.0,5.6385746,2.3780727,
1_1_147_0,20,1.0,4.4551487,2.4121296,
1_1_1121_0,12,1.0,4.549414,2.6003916,
1_1_318_0,6,1.0,1.4404674,2.6816044,
1_1_1175_0,232,1.0,2.9067185,2.9116101,
1_1_761_0,20,1.0,1.4550394,3.260711,
1_1_1926_0,374,1.0,2.4449756,3.3158128,
1_1_1011_0,232,1.0,1.4667974,2.71343,
1_1_1255_0,218,1.0,1.4668095,2.71343,
1_1_1575_0,165,1.0,4.629313,2.8981154,
1_1_1254_0,157,1.0,1.1366456,3.0828006,
1_1_1559_0,129,1.0,1.8543341,3.6625369,
1_1_894_0,127,1.0,2.4494708,3.4291036,
1_1_918_0,126,1.0,1.4649403,3.4291036,
1_1_2046_0,101,1.0,2.173108,3.009988,
1_1_2253_0,120,1.0,0.92740995,2.9721344,
1_1_1220_0,101,1.0,3.525659,3.3743038,
1_1_2042_0,118,1.0,4.7639747,3.2400978,
1_1_1564_0,225,1.0,0.92740995,3.2821841,
1_1_1807_0,125,1.0,4.34401,3.4300928,
1_1_253_0,113,1.0,3.5294785,3.3751945,
1_1_444_0,135,1.0,1.4754803,2.270078,
1_1_1509_0,136,1.0,0.92740995,2.286135,
1_1_1305_0,128,1.0,0.92740995,2.3659587,
1_1_453_0,110,1.0,0.0,2.2009885,
1_1_1501_0,110,1.0,0.92740995,2.1862686,
1_1_1189_0,175,1.0,2.4684749,2.730046,
1_1_1773_0,158,1.0,1.8543341,2.8325744,
1_1_1325_0,74,1.0,3.5933313,2.2687812,
1_1_2040_0,80,1.0,0.92740995,2.2687812,
1_1_157_0,95,1.0,0.92740995,2.62398,
1_1_2057_0,62,1.0,2.1782057,2.3180206,
1_1_1898_0,63,1.0,0.92740995,2.2489827,
1_1_491_0,62,1.0,1.1444259,2.2880232,
1_1_497_0,60,1.0,1.4731338,2.2670684,
1_1_1878_0,62,1.0,2.469218,2.2489827,
1_1_300_0,103,1.0,1.4713045,3.1706567,
1_1_56_0,142,1.0,1.1423435,2.9953876,
1_1_885_0,184,1.0,1.1408184,2.7097113,
1_1_1608_0,637,1.0,0.92740995,3.5508091,
1_1_1304_0,632,1.0,2.931717,3.1616056,
1_1_2006_0,323,1.0,2.1744163,2.7022824,
1_1_658_0,252,1.0,2.1762784,3.6469622,
1_1_1865_0,293,1.0,3.5947142,3.3535361,
1_1_255_0,52,1.0,1.4492128,3.7016203,
1_1_1616_0,127,1.0,0.0,4.4626727,
1_1_1896_0,233,1.0,3.3578393,4.210711,
1_1_1904_0,200,1.0,2.1368523,4.0070066,
1_1_1506_0,194,1.0,0.92740995,4.101266,
1_1_890_0,209,1.0,2.1381361,4.101266,
1_1_708_0,167,1.0,1.0631349,3.9635723,
1_1_981_0,173,1.0,2.3193312,3.976406,
1_1_192_0,154,1.0,2.7802885,3.959567,
1_1_1925_0,154,1.0,2.7802885,3.959567,
1_1_1504_0,298,1.0,3.3165238,4.232951,
1_1_889_0,368,1.0,1.411105,4.507482,
1_1_1584_0,615,1.0,1.4371186,2.9760196,
1_1_612_0,616,1.0,0.92740995,3.0105252,
1_1_1228_0,884,1.0,1.8543341,3.0371275,
1_1_1622_0,884,1.0,1.8543341,3.0371275,
1_1_1017_0,876,1.0,3.7047918,3.0371275,
1_1_2077_0,875,1.0,5.5349817,3.0371275,
1_1_1007_0,870,1.0,2.1887474,3.0371275,
1_1_1828_0,869,1.0,2.1530342,3.0371275,
1_1_334_0,868,1.0,2.3770692,3.0371275,
1_1_2081_0,829,1.0,3.5369635,3.172099,
1_1_145_0,792,1.0,2.7802885,3.230629,
1_1_826_0,809,1.0,1.0957304,3.190114,
1_1_1394_0,678,1.0,4.9472613,3.204107,
1_1_1458_0,813,1.0,4.6273675,3.6487346,
1_1_322_0,819,1.0,3.7637048,3.4571638,
1_1_1266_0,1028,1.0,2.1493955,3.8563704,
1_1_1199_0,1498,1.0,2.9850776,4.4067683,
1_1_1015_0,1584,1.0,2.1541219,3.9414957,
1_1_710_0,1719,1.0,6.150509,4.848967,
1_1_1160_0,1247,1.0,3.531787,3.3125381,
1_1_1871_0,1301,1.0,1.436009,3.3363242,
1_1_1487_0,1300,1.0,3.7688446,3.5907547,
1_1_1256_0,1442,1.0,3.425431,4.033941,
1_1_64_0,1288,1.0,3.8658447,3.3360925,
1_1_421_0,1356,1.0,4.517936,3.2719429,
1_1_1510_0,1382,1.0,6.6427145,3.4066176,
1_1_670_0,1387,1.0,1.1054732,4.671376,
1_1_1491_0,1279,1.0,1.4417647,4.716096,
1_1_1892_0,1288,1.0,4.3035197,3.017348,
1_1_1873_0,1220,1.0,4.941207,3.3892448,
1_1_745_0,1069,1.0,2.403984,3.7476552,
1_1_613_0,1104,1.0,3.8666763,3.7906468,
1_1_1645_0,975,1.0,2.871948,3.4331057,
1_1_2043_0,1230,1.0,3.27668,3.363739,
1_1_646_0,880,1.0,4.8875475,3.1875718,
1_1_895_0,927,1.0,3.3708265,3.7161086,
1_1_1626_0,997,1.0,0.92740995,4.0034056,
1_1_1624_0,949,1.0,1.4348686,4.0119805,
1_1_1642_0,1095,1.0,3.7784278,4.087433,
1_1_1644_0,1139,1.0,0.92740995,4.355913,
1_1_47_0,947,1.0,0.0,4.8682947,
1_1_2227_0,1823,1.0,3.4526722,4.480969,
1_1_1030_0,1810,1.0,2.1832316,4.3802934,
1_1_185_0,1781,1.0,0.92740995,3.229594,
1_1_1383_0,1773,1.0,4.776312,3.0761156,
1_1_1422_0,1990,1.0,3.019053,3.934351,
1_1_616_0,1505,1.0,6.5932946,2.825152,
1_1_1146_0,2312,1.0,1.8543341,2.591086,
1_1_1212_0,2308,1.0,3.9689527,2.5768495,
1_1_1987_0,2308,1.0,1.4943141,2.5768495,
1_1_1218_0,2313,1.0,2.1924014,2.5848975,
1_1_299_0,2318,1.0,1.1719328,2.606214,
1_1_867_0,2544,1.0,4.769273,3.3724523,
1_1_400_0,2607,1.0,2.969059,5.6273766,
1_1_1219_0,2312,1.0,3.5882316,5.4417286,
1_1_384_0,1920,1.0,3.8860502,4.146181,
1_1_2039_0,1667,1.0,0.0,3.815714,
1_1_42_0,1702,1.0,1.4613011,3.381741,
1_1_952_0,2030,1.0,7.741785,4.6943154,
1_1_1489_0,1990,1.0,12.470638,4.6943154,
1_1_668_0,1526,1.0,2.9193673,3.3613315,
1_1_388_0,1523,1.0,3.849425,3.7418883,
1_1_372_0,1544,1.0,1.8543341,3.7982965,
1_1_383_0,1764,1.0,3.517886,3.6004364,
1_1_1467_0,1521,1.0,1.1298103,3.883917,
1_1_41_0,1900,1.0,2.1736531,3.570514,
1_1_2225_0,1844,1.0,3.002764,3.7574937,
1_1_764_0,1633,1.0,0.92740995,3.4051135,
1_1_1478_0,1552,1.0,5.987923,3.394893,
1_1_758_0,1678,1.0,2.4536815,3.3839514,
1_1_61_0,436,1.0,2.7802885,2.4542875,
1_1_1147_0,469,1.0,0.0,2.540533,
1_1_1791_0,431,1.0,0.92740995,2.9431393,
1_1_676_0,429,1.0,0.92740995,2.4224381,
1_1_1827_0,422,1.0,1.1041348,2.4527452,
1_1_678_0,426,1.0,2.1579106,2.4462357,
1_1_897_0,356,1.0,5.9708967,1.9576278,
1_1_900_0,356,1.0,5.9708967,1.9576278,
1_1_160_0,308,1.0,2.4067852,2.3109572,
1_1_1590_0,276,1.0,0.92740995,2.2104177,
1_1_711_0,495,1.0,0.0,3.4212508,
1_1_437_0,448,1.0,2.1627948,2.1923776,
1_1_438_0,428,1.0,1.8543341,2.039701,
1_1_698_0,375,1.0,2.9931333,2.205732,
1_1_605_0,443,1.0,3.5553668,3.3175943,
1_1_1426_0,1472,1.0,3.577964,3.888395,
1_1_271_0,1529,1.0,1.4596086,4.0910397,
1_1_1797_0,1499,1.0,0.0,4.0945106,
1_1_705_0,1657,1.0,1.1812388,3.4183772,
1_1_636_0,1608,1.0,2.5757086,4.1105504,
1_1_1513_0,1716,1.0,3.028355,4.1089935,
1_1_94_0,1974,1.0,9.851402,3.676166,
1_1_1483_0,1414,1.0,3.0252557,3.31272,
1_1_85_0,1510,1.0,1.5106082,2.7083588,
1_1_1900_0,1326,1.0,1.5358417,3.5460808,
1_1_1392_0,1574,1.0,2.6111827,3.2000723,
1_1_912_0,1572,1.0,1.5332692,3.2000723,
1_1_1607_0,1768,1.0,3.0402524,3.3470213,
1_1_1611_0,1849,1.0,9.9637375,3.4935455,
1_1_1597_0,1561,1.0,4.834917,4.2399764,
1_1_188_0,1661,1.0,3.7326243,3.4130135,
1_1_186_0,1663,1.0,3.7325819,3.4130135,
1_1_548_0,1636,1.0,3.0429192,3.1780024,
1_1_1547_0,1605,1.0,0.92740995,3.014748,
1_1_162_0,1625,1.0,0.0,3.025655,
1_1_2161_0,1621,1.0,1.2088151,3.025655,
1_1_1438_0,1566,1.0,3.8964179,3.123824,
1_1_415_0,1509,1.0,3.6933527,3.3687608,
1_1_414_0,1553,1.0,1.8543341,3.3883529,
1_1_1484_0,1196,1.0,3.7764163,4.078498,
1_1_339_0,486,1.0,1.5875466,4.6355357,
1_1_1186_0,267,1.0,0.0,4.361481,
1_1_1337_0,432,1.0,2.328978,4.4063783,
1_1_80_0,144,1.0,1.1871868,4.12421,
1_1_87_0,263,1.0,1.5214629,4.539033,
1_1_79_0,247,1.0,3.9279337,3.8876314,
1_1_115_0,252,1.0,1.2682806,4.4123335,
1_1_819_0,212,1.0,1.5573487,4.464973,
1_1_1824_0,198,1.0,0.92740995,4.013033,
1_1_972_0,189,1.0,1.5495247,4.0978413,
1_1_973_0,209,1.0,3.042763,4.329193,
1_1_303_0,193,1.0,2.7802885,4.3706923,
1_1_1259_0,181,1.0,0.0,4.1958504,
1_1_1261_0,198,1.0,4.452207,4.193678,
1_1_951_0,207,1.0,6.170742,4.306443,
1_1_656_0,217,1.0,3.090258,4.293949,
1_1_2173_0,203,1.0,2.6233373,4.066695,
1_1_2174_0,233,1.0,3.7461977,4.359259,
1_1_2172_0,196,1.0,3.900822,4.32067,
1_1_2182_0,261,1.0,1.5278785,4.3101325,
1_1_116_0,255,1.0,3.8964512,4.3204308,
1_1_209_0,258,1.0,2.6083674,4.4062304,
1_1_975_0,281,1.0,3.0422344,3.8000956,
1_1_307_0,267,1.0,1.5498552,4.4376473,
1_1_293_0,242,1.0,6.5879765,4.707626,
1_1_2008_0,213,1.0,1.5470729,4.8490257,
1_1_72_0,297,1.0,0.92740995,4.1890655,
1_1_2216_0,232,1.0,2.2208781,3.6991208,
1_1_992_0,251,1.0,1.5374943,3.8389542,
1_1_264_0,244,1.0,0.0,4.8779583,
1_1_294_0,182,1.0,6.8287044,3.9934604,
1_1_314_0,177,1.0,3.7182407,4.1294737,
1_1_2192_0,189,1.0,0.0,4.047176,
1_1_210_0,206,1.0,1.2364063,4.0387836,
1_1_1313_0,202,1.0,0.0,4.0387836,
1_1_292_0,286,1.0,4.188225,4.43418,
1_1_511_0,239,1.0,0.92740995,4.2492714,
1_1_851_0,260,1.0,1.8543341,4.0004897,
1_1_2223_0,318,1.0,1.8543341,4.1349316,
1_1_370_0,298,1.0,0.0,4.013228,
1_1_2180_0,300,1.0,4.5575404,4.458713,
1_1_507_0,314,1.0,2.4109902,3.865571,
1_1_324_0,344,1.0,3.5954278,3.0837681,
1_1_243_0,337,1.0,3.8759458,3.0837681,
1_1_1347_0,328,1.0,4.3492785,3.0811796,
1_1_474_0,266,1.0,4.402791,3.1924345,
1_1_922_0,290,1.0,8.399828,3.3054655,
1_1_1053_0,268,1.0,2.4615047,3.271512,
1_1_923_0,290,1.0,5.336463,3.219538,
1_1_877_0,303,1.0,4.6273675,3.2765536,
1_1_450_0,297,1.0,3.0054247,3.2488918,
1_1_1235_0,357,1.0,3.8981593,3.2726703,
1_1_2256_0,361,1.0,2.4692106,3.3034568,
1_1_2196_0,296,1.0,1.1421286,3.2749164,
1_1_2165_0,302,1.0,2.9403071,3.2749164,
1_1_990_0,297,1.0,4.3473587,3.30747,
1_1_653_0,325,1.0,2.4843874,3.4665203,
1_1_1153_0,306,1.0,5.8994613,3.4665203,
1_1_1345_0,252,1.0,3.9166968,3.5167484,
1_1_472_0,208,1.0,2.1832597,3.4866877,
1_1_2189_0,220,1.0,4.9502554,3.542222,
1_1_465_0,250,1.0,4.5918965,3.5949981,
1_1_1172_0,276,1.0,1.4755088,3.6228406,
1_1_2050_0,209,1.0,5.663581,3.6936314,
1_1_2199_0,196,1.0,4.3998165,3.391483,
1_1_924_0,233,1.0,6.562884,3.246989,
1_1_232_0,234,1.0,7.915515,3.2592318,
1_1_257_0,269,1.0,2.1806614,3.0457928,
1_1_2254_0,297,1.0,1.476578,3.1983447,
1_1_2241_0,323,1.0,3.877673,3.5845835,
1_1_1381_0,252,1.0,1.8543341,3.0885987,
1_1_448_0,228,1.0,3.0059683,3.0865107,
1_1_1335_0,228,1.0,1.8543341,3.2089684,
1_1_853_0,255,1.0,2.4596472,3.31061,
1_1_1358_0,220,1.0,0.92740995,3.1617649,
1_1_156_0,230,1.0,2.9343452,3.3897488,
1_1_420_0,177,1.0,7.950312,3.4261327,
1_1_463_0,163,1.0,2.7802885,3.2060075,
1_1_241_0,175,1.0,2.444855,3.2060075,
1_1_2235_0,199,1.0,5.322486,3.2139118,
1_1_836_0,179,1.0,3.5305603,3.3980098,
1_1_855_0,176,1.0,3.8784661,3.3993938,
1_1_1331_0,219,1.0,1.8543341,3.499341,
1_1_967_0,213,1.0,4.342676,3.499341,
1_1_2239_0,167,1.0,5.9505377,3.7717588,
1_1_142_0,164,1.0,2.9279199,3.6462348,
1_1_1268_0,158,1.0,2.9268808,3.4639528,
1_1_475_0,130,1.0,4.611176,3.368523,
1_1_343_0,136,1.0,3.582488,3.368523,
1_1_170_0,66,1.0,0.92740995,3.088878,
1_1_681_0,66,1.0,3.855624,3.088878,
1_1_1029_0,72,1.0,1.1293002,3.0345273,
1_1_1099_0,65,1.0,1.4608428,3.08994,
1_1_1446_0,86,1.0,1.1308564,3.152732,
1_1_679_0,60,1.0,0.0,3.199371,
1_1_2228_0,61,1.0,2.9192739,3.1341448,
1_1_1173_0,216,1.0,3.874311,3.2694142,
1_1_1170_0,208,1.0,7.026615,3.2452295,
1_1_462_0,265,1.0,4.7644186,3.257984,
1_1_1883_0,280,1.0,3.5405204,3.271512,
1_1_447_0,301,1.0,2.7802885,3.1581118,
1_1_1042_0,265,1.0,2.9323332,3.1717246,
1_1_345_0,278,1.0,4.5339475,3.1490119,
1_1_569_0,274,1.0,0.92740995,3.1724029,
1_1_77_0,248,1.0,3.0026376,3.1704662,
1_1_346_0,291,1.0,2.2695107,3.1783366,
1_1_1275_0,279,1.0,3.7047918,3.1783366,
1_1_921_0,256,1.0,4.763538,3.324867,
1_1_344_0,241,1.0,1.465826,3.1286185,
1_1_966_0,254,1.0,3.5872712,3.1294823,
1_1_2238_0,258,1.0,1.8543341,3.1490119,
1_1_349_0,263,1.0,9.199975,3.1424453,
1_1_341_0,244,1.0,5.736318,3.1383998,
1_1_325_0,306,1.0,1.1373922,3.7258806,
1_1_2230_0,307,1.0,2.9316204,3.3230054,
1_1_2222_0,652,1.0,7.3520355,4.4511423,
1_1_308_0,814,1.0,1.4684552,4.7817297,
1_1_2231_0,680,1.0,1.8543341,4.1679745,
1_1_315_0,707,1.0,10.634017,4.1679745,
1_1_1594_0,485,1.0,1.8543341,3.9627867,
1_1_1610_0,490,1.0,3.7047918,3.9627867,
1_1_1311_0,526,1.0,4.383015,3.7862983,
1_1_2232_0,218,1.0,6.464861,3.491228,
1_1_514_0,248,1.0,2.4481058,3.5965824,
1_1_677_0,203,1.0,2.172373,3.6541739,
1_1_285_0,265,1.0,1.5016308,3.6252308,
1_1_284_0,325,1.0,1.5227734,4.3622627,
1_1_713_0,245,1.0,0.0,4.2660003,
1_1_720_0,245,1.0,0.0,4.2660003,
1_1_350_0,271,1.0,1.8543341,4.2488494,
1_1_880_0,260,1.0,0.92740995,4.264122,
1_1_1473_0,267,1.0,3.6228096,4.2241883,
1_1_2060_0,270,1.0,1.5235653,4.2241883,
1_1_2067_0,259,1.0,1.5232855,4.226223,
1_1_807_0,227,1.0,1.5218797,4.3201804,
1_1_169_0,217,1.0,2.2115304,4.3562837,
1_1_941_0,216,1.0,1.5212394,4.3562837,
1_1_1462_0,211,1.0,2.2113585,4.331268,
1_1_718_0,219,1.0,3.0380054,4.421305,
1_1_181_0,226,1.0,6.464861,4.406441,
1_1_2054_0,224,1.0,0.92740995,4.4542685,
1_1_516_0,230,1.0,2.4093614,4.4542685,
1_1_1143_0,236,1.0,3.0408678,4.3584933,
1_1_1161_0,245,1.0,1.5215594,4.3584933,
1_1_2061_0,271,1.0,2.5881457,4.226223,
1_1_416_0,192,1.0,3.034209,4.058227,
1_1_417_0,189,1.0,1.2034578,4.060521,
1_1_283_0,167,1.0,0.92740995,3.9733407,
1_1_2175_0,169,1.0,0.92740995,3.7033277,
1_1_1488_0,161,1.0,1.8543341,3.4601834,
1_1_1479_0,132,1.0,1.4647397,3.4590402,
1_1_559_0,108,1.0,5.319615,3.6363401,
1_1_197_0,103,1.0,5.7297916,3.20607,
1_1_113_0,10,1.0,5.025529,3.5134485,
1_1_1895_0,7,1.0,4.192499,3.4959924,
1_1_201_0,0,1.0,7.665804,3.6122992,
1_1_632_0,28,1.0,2.2834513,3.4045649,
1_1_96_0,45,1.0,0.0,3.352154,
1_1_104_0,45,1.0,4.2555914,3.352154,
1_1_40_0,43,1.0,2.801366,3.3743799,
1_1_245_0,23,1.0,2.1310558,3.4672794,
1_1_633_0,-1,1.0,2.1089911,4.8360624,
1_1_970_0,28,1.0,8.03672,3.7364504,
1_1_1609_0,24,1.0,1.4067839,4.3096046,
1_1_1475_0,28,1.0,3.6642463,3.5646615,
1_1_801_0,27,1.0,8.355588,3.2492561,
1_1_1302_0,68,1.0,10.579811,3.3065977,
1_1_2079_0,43,1.0,3.858582,3.3589587,
1_1_2078_0,49,1.0,2.8478148,3.3230345,
1_1_1109_0,78,1.0,2.1475544,3.394351,
1_1_756_0,59,1.0,3.3730094,3.377976,
1_1_2205_0,76,1.0,0.92740995,3.3432534,
1_1_203_0,158,1.0,6.8235135,3.406316,
1_1_224_0,200,1.0,4.755328,3.3250332,
1_1_610_0,207,1.0,8.037361,3.5684345,
1_1_223_0,207,1.0,2.8761759,3.3281884,
1_1_1108_0,220,1.0,3.439509,3.7179294,
1_1_2159_0,307,1.0,10.093789,3.66856,
1_1_208_0,318,1.0,0.92740995,3.5794463,
1_1_810_0,242,1.0,1.1144091,3.2343128,
1_1_608_0,109,1.0,3.4400897,3.3648555,
1_1_182_0,81,1.0,2.7802885,3.4743884,
1_1_1894_0,9,1.0,8.458707,4.2207155,
1_1_873_0,26,1.0,3.8651032,4.209768,
1_1_1453_0,2,1.0,1.4792688,5.649815,
1_1_2214_0,6,1.0,0.0,4.16325,
1_1_2218_0,3,1.0,2.9444096,3.1439054,
1_1_467_0,6,1.0,2.45099,3.331639,
1_1_2188_0,11,1.0,2.2693555,3.331639,
1_1_2183_0,9,1.0,2.4497354,3.3113809,
1_1_286_0,11,1.0,2.170237,4.4121594,
1_1_2226_0,14,1.0,11.048644,4.0019073,
1_1_2236_0,39,1.0,4.339005,3.9850125,
1_1_213_0,38,1.0,4.6180396,3.9891806,
1_1_60_0,29,1.0,2.9250839,4.0014844,
1_1_1274_0,28,1.0,0.92740995,4.2097974,
1_1_2179_0,28,1.0,0.0,4.0791492,
1_1_358_0,21,1.0,2.9229467,4.2097974,
1_1_691_0,8,1.0,4.575274,4.565564,
1_1_2193_0,22,1.0,7.2805095,3.955751,
1_1_1342_0,19,1.0,1.456362,4.5103226,
1_1_446_0,13,1.0,2.7802885,5.7567477,
1_1_1028_0,8,1.0,5.7131176,4.491159,
1_1_1049_0,22,1.0,4.84861,4.173435,
1_1_117_0,25,1.0,3.839794,4.019749,
1_1_1157_0,28,1.0,3.5709307,3.9372835,
1_1_1184_0,18,1.0,1.8543341,3.7214892,
1_1_2260_0,41,1.0,0.92740995,3.6477447,
1_1_841_0,37,1.0,2.1688204,3.6461313,
1_1_655_0,31,1.0,3.5738444,3.60507,
1_1_1288_0,35,1.0,3.5745866,3.5979471,
1_1_487_0,38,1.0,10.968005,3.4605973,
1_1_429_0,44,1.0,2.915479,3.4988012,
1_1_654_0,59,1.0,3.38106,3.2110999,
1_1_460_0,60,1.0,4.6273675,3.2563546,
1_1_78_0,54,1.0,2.1701386,3.2563546,
1_1_386_0,58,1.0,8.314631,3.2717612,
1_1_2219_0,34,1.0,1.1263868,3.7589874,
1_1_2229_0,40,1.0,0.92740995,3.787142,
1_1_1495_0,37,1.0,0.92740995,3.8486767,
1_1_1052_0,31,1.0,3.7047918,3.7353966,
1_1_1452_0,36,1.0,0.92740995,3.7532494,
1_1_449_0,47,1.0,1.4614071,3.7952783,
1_1_1364_0,46,1.0,3.0004194,3.775479,
1_1_76_0,62,1.0,0.92740995,3.702975,
1_1_455_0,56,1.0,3.8588943,3.6431394,
1_1_1057_0,63,1.0,2.1708841,3.5156717,
1_1_815_0,62,1.0,0.0,3.189128,
1_1_428_0,75,1.0,2.4448125,3.76752,
1_1_1163_0,73,1.0,0.92740995,3.7140985,
1_1_2203_0,25,1.0,2.172714,3.7643895,
1_1_168_0,45,1.0,3.0024076,3.670135,
1_1_1055_0,59,1.0,10.992985,3.5682557,
1_1_174_0,59,1.0,5.0242853,3.5638065,
1_1_1490_0,56,1.0,1.4659405,3.597919,
1_1_71_0,50,1.0,7.8797307,3.8431773,
1_1_1361_0,35,1.0,2.9242182,3.7488341,
1_1_2242_0,19,1.0,7.8518124,3.6289349,
1_1_74_0,20,1.0,2.1707022,3.8594043,
1_1_2029_0,26,1.0,1.4614482,3.9112782,
1_1_2031_0,26,1.0,1.4614482,3.9112782,
1_1_1290_0,44,1.0,0.0,3.9838483,
1_1_963_0,39,1.0,3.5820925,4.001855,
1_1_1009_0,26,1.0,2.9240997,3.9874556,
1_1_1354_0,42,1.0,0.0,3.9642081,
1_1_1096_0,47,1.0,3.0013382,3.9642081,
1_1_1348_0,42,1.0,3.873027,3.9468114,
1_1_949_0,44,1.0,4.5190206,3.935712,
1_1_1026_0,44,1.0,3.8730092,3.9468114,
1_1_2012_0,41,1.0,2.1727,3.9361246,
1_1_791_0,41,1.0,5.736915,3.7279487,
1_1_473_0,49,1.0,0.0,3.879974,
1_1_1333_0,46,1.0,1.4654953,3.8969212,
1_1_2013_0,46,1.0,1.8543341,3.8329995,
1_1_57_0,47,1.0,1.4652702,3.8560748,
1_1_2178_0,46,1.0,7.0417066,3.95807,
1_1_470_0,34,1.0,2.1752496,3.95807,
1_1_2213_0,50,1.0,2.45867,3.7463543,
1_1_838_0,57,1.0,5.9922223,3.7715132,
1_1_247_0,52,1.0,1.8543341,3.6540513,
1_1_650_0,53,1.0,1.4728345,3.8158224,
1_1_1031_0,68,1.0,4.6654058,3.796921,
1_1_2195_0,100,1.0,2.1787858,3.8265154,
1_1_845_0,82,1.0,2.471013,3.896389,
1_1_652_0,82,1.0,3.8769104,3.8695424,
1_1_1380_0,64,1.0,1.1432171,3.8002903,
1_1_2185_0,66,1.0,1.1433928,3.7992988,
1_1_690_0,75,1.0,2.7802885,3.6693792,
1_1_360_0,81,1.0,0.92740995,3.511317,
1_1_2194_0,97,1.0,2.1770658,3.5866587,
1_1_2080_0,110,1.0,5.3324037,3.6100814,
1_1_354_0,79,1.0,3.8866634,3.6496954,
1_1_2187_0,42,1.0,3.536365,3.5690947,
1_1_244_0,51,1.0,2.4582474,3.5690947,
1_1_2206_0,66,1.0,6.8595643,3.4968882,
1_1_2197_0,49,1.0,3.8789392,3.4802272,
1_1_2032_0,57,1.0,2.4578981,3.4742415,
1_1_230_0,62,1.0,2.9336896,3.5023282,
1_1_1047_0,89,1.0,0.92740995,3.47574,
1_1_1045_0,105,1.0,3.5392773,3.4783049,
1_1_1355_0,59,1.0,2.4603484,3.454504,
1_1_163_0,121,1.0,0.0,3.6422665,
1_1_164_0,107,1.0,3.5909061,3.699582,
1_1_373_0,136,1.0,5.030023,3.699582,
1_1_1492_0,154,1.0,2.467103,3.7024305,
1_1_459_0,82,1.0,2.4673548,3.7418416,
1_1_479_0,177,1.0,0.92740995,3.6681533,
1_1_920_0,192,1.0,10.617647,3.639542,
1_1_298_0,213,1.0,0.92740995,3.6655035,
1_1_2237_0,202,1.0,2.2939634,3.6778088,
1_1_356_0,115,1.0,3.9018233,3.8741336,
1_1_1437_0,100,1.0,0.92740995,3.877693,
1_1_623_0,132,1.0,2.942502,3.774453,
1_1_442_0,176,1.0,3.87848,3.5810754,
1_1_706_0,189,1.0,4.767045,3.6376805,
1_1_466_0,180,1.0,1.4769367,3.7044199,
1_1_1360_0,165,1.0,5.164692,3.4947798,
1_1_418_0,186,1.0,3.8789873,3.4713728,
1_1_471_0,174,1.0,6.856812,3.4619942,
1_1_1043_0,153,1.0,4.430817,3.4234226,
1_1_477_0,161,1.0,2.1833231,3.4733133,
1_1_2259_0,128,1.0,2.7802885,3.8186944,
1_1_611_0,137,1.0,3.0089386,3.822578,
1_1_84_0,161,1.0,1.151752,3.8751621,
1_1_1095_0,146,1.0,1.4773884,3.8793464,
1_1_1165_0,150,1.0,3.8783216,3.8848727,
1_1_2186_0,132,1.0,3.8782034,3.8835557,
1_1_238_0,137,1.0,6.464861,3.8848727,
1_1_1378_0,144,1.0,0.0,3.8848727,
1_1_2252_0,151,1.0,2.4806511,3.8750637,
1_1_2251_0,109,1.0,2.4786036,3.864226,
1_1_980_0,118,1.0,2.1803563,3.8244784,
1_1_355_0,110,1.0,3.8775425,3.8244784,
1_1_2184_0,98,1.0,1.4758972,3.8296373,
1_1_2234_0,101,1.0,1.8543341,3.8296373,
1_1_1033_0,95,1.0,2.947749,3.794548,
1_1_359_0,71,1.0,0.92740995,3.7914364,
1_1_2204_0,108,1.0,5.81801,3.9519014,
1_1_107_0,115,1.0,1.1522211,3.9823368,
1_1_476_0,130,1.0,1.8543341,4.0237083,
1_1_2202_0,142,1.0,7.912697,4.0237083,
1_1_445_0,128,1.0,2.4831188,3.9902816,
1_1_1141_0,74,1.0,1.1527817,3.8631763,
1_1_378_0,44,1.0,2.305373,3.900688,
1_1_58_0,39,1.0,3.5774648,3.900688,
1_1_1194_0,49,1.0,2.1834605,3.900688,
1_1_1035_0,34,1.0,2.1805675,4.121693,
1_1_212_0,33,1.0,3.0073295,4.121693,
1_1_2201_0,33,1.0,7.1786532,4.113213,
1_1_1454_0,33,1.0,16.066658,4.113213,
1_1_2198_0,41,1.0,0.92740995,4.002898,
1_1_1451_0,37,1.0,4.6273675,4.002898,
1_1_205_0,41,1.0,6.4960876,4.001286,
1_1_1024_0,35,1.0,3.877132,3.9637785,
1_1_971_0,44,1.0,2.1796715,3.93309,
1_1_726_0,33,1.0,1.1451608,4.035316,
1_1_118_0,40,1.0,2.9416845,3.8386772,
1_1_1447_0,40,1.0,1.1431252,3.8437197,
1_1_1445_0,36,1.0,7.0716553,3.8286438,
1_1_478_0,45,1.0,3.0055583,3.8286438,
1_1_998_0,41,1.0,2.4660008,3.8386772,
1_1_1486_0,35,1.0,8.113538,4.0154586,
1_1_468_0,30,1.0,5.3147182,3.9812808,
1_1_938_0,38,1.0,2.175385,4.0172186,
1_1_1449_0,33,1.0,8.718289,4.02507,
1_1_982_0,34,1.0,3.5898018,4.0222707,
1_1_461_0,24,1.0,3.5300417,4.0179358,
1_1_1376_0,17,1.0,4.9013567,4.0223,
1_1_327_0,18,1.0,2.9331925,4.027656,
1_1_1329_0,12,1.0,6.4718614,4.0285077,
1_1_419_0,24,1.0,6.477965,3.9688535,
1_1_995_0,20,1.0,1.4680197,4.03322,
1_1_166_0,9,1.0,1.8543341,4.0001163,
1_1_464_0,13,1.0,9.997135,4.0001163,
1_1_965_0,18,1.0,6.3009267,4.01595,
1_1_1284_0,13,1.0,4.5356975,3.9927485,
1_1_1448_0,10,1.0,6.499644,3.9881837,
1_1_993_0,9,1.0,1.4702898,4.139451,
1_1_969_0,10,1.0,1.1415164,4.0792227,
1_1_1455_0,16,1.0,2.9410849,4.0754457,
1_1_1037_0,18,1.0,18.331102,4.0680566,
1_1_366_0,19,1.0,4.6273675,4.0597224,
1_1_251_0,15,1.0,1.1437128,4.038853,
1_1_59_0,16,1.0,3.0058558,4.0625257,
1_1_1439_0,21,1.0,2.2867947,4.0694833,
1_1_2217_0,28,1.0,1.1440771,3.9928255,
1_1_1456_0,22,1.0,3.8940725,3.9518144,
1_1_1460_0,23,1.0,1.4729124,3.9659636,
1_1_1040_0,10,1.0,3.7047918,4.406969,
1_1_305_0,14,1.0,2.458597,4.3176937,
1_1_843_0,10,1.0,3.883334,4.3176937,
1_1_211_0,15,1.0,2.1757157,4.242631,
1_1_221_0,18,1.0,1.4682602,4.1735563,
1_1_1022_0,4,1.0,2.4585388,4.4092894,
1_1_265_0,15,1.0,1.1391869,4.361988,
1_1_977_0,26,1.0,3.003922,4.361988,
1_1_617_0,3,1.0,1.8543341,3.7783875,
1_1_1463_0,15,1.0,2.4722905,3.9548354,
1_1_1020_0,14,1.0,1.1460266,3.9252675,
1_1_2066_0,13,1.0,0.0,3.7580957,
1_1_1471_0,11,1.0,2.1825035,3.8094335,
1_1_1441_0,17,1.0,1.4778059,3.8606706,
1_1_1450_0,21,1.0,2.1816137,3.994367,
1_1_1299_0,11,1.0,2.9582512,3.971863,
1_1_839_0,11,1.0,4.430548,3.7134972,
1_1_2063_0,2,1.0,2.4778697,3.5111694,
1_1_2064_0,7,1.0,3.878201,3.5111694,
1_1_365_0,10,1.0,2.1829941,3.7765596,
1_1_206_0,16,1.0,3.6089938,3.852049,
1_1_217_0,3,1.0,1.4900407,3.9155686,
1_1_589_0,55,1.0,0.0,3.8547192,
1_1_154_0,55,1.0,2.7802885,3.968701,
1_1_1639_0,66,1.0,5.835652,4.019993,
1_1_1912_0,50,1.0,1.8543341,3.9615307,
1_1_399_0,3,1.0,3.0241668,3.9344385,
1_1_183_0,2,1.0,3.670099,3.0774877,
1_1_811_0,23,1.0,1.8543341,3.5511696,
1_1_1686_0,11,1.0,2.377428,4.5996637,
1_1_393_0,14,1.0,4.521969,5.1435413,
1_1_1166_0,7,1.0,3.0199814,5.1323586,
1_1_596_0,16,1.0,4.01084,4.8992834,
1_1_1784_0,18,1.0,2.3647666,4.87992,
1_1_109_0,11,1.0,5.81462,3.9880486,
1_1_469_0,3,1.0,0.92740995,4.129358,
1_1_1753_0,21,1.0,2.2085478,4.699391,
1_1_979_0,21,1.0,2.5729651,4.5746756,
1_1_1754_0,17,1.0,3.7175503,5.0648866,
1_1_618_0,16,1.0,5.849723,4.491146,
1_1_1928_0,14,1.0,2.588941,4.2645426,
1_1_153_0,17,1.0,0.92740995,4.2645426,
1_1_1556_0,16,1.0,2.588868,4.2645426,
1_1_1551_0,14,1.0,2.5887215,4.2645426,
1_1_947_0,30,1.0,3.0472732,4.375074,
1_1_667_0,15,1.0,2.5913053,4.2352343,
1_1_1466_0,21,1.0,3.6836822,4.2352343,
1_1_2257_0,22,1.0,3.0469227,4.2528586,
1_1_1633_0,26,1.0,1.8543341,4.2284083,
1_1_1913_0,23,1.0,4.0723004,4.2247276,
1_1_228_0,11,1.0,3.0323865,4.2037635,
1_1_1180_0,19,1.0,2.2163005,4.191072,
1_1_743_0,3,1.0,1.213212,4.184305,
1_1_1253_0,35,1.0,4.9277506,4.170978,
1_1_1221_0,21,1.0,2.596893,4.101755,
1_1_2022_0,41,1.0,1.5277283,4.0412955,
1_1_2033_0,42,1.0,7.5949802,4.0412955,
1_1_2028_0,40,1.0,1.5276493,4.0412955,
1_1_1468_0,40,1.0,4.0746098,4.2810926,
1_1_2002_0,42,1.0,4.4227157,4.2810926,
1_1_46_0,50,1.0,1.2117321,4.2572136,
1_1_2034_0,18,1.0,1.5256265,4.5230236,
1_1_606_0,43,1.0,3.0335264,4.896609,
1_1_687_0,39,1.0,1.8543341,4.7500167,
1_1_1233_0,3,1.0,1.8543341,4.770632,
1_1_830_0,16,1.0,2.4438517,4.8338017,
1_1_831_0,16,1.0,2.4438517,4.8338017,
1_1_834_0,2,1.0,6.634546,5.088069,
1_1_1222_0,1,1.0,5.217297,5.034905,
1_1_1619_0,21,1.0,3.0689995,4.8848066,
1_1_297_0,37,1.0,4.1250677,4.282578,
1_1_111_0,3,1.0,5.2274103,4.8094087,
1_1_1716_0,145,1.0,5.2140036,4.5206566,
1_1_226_0,55,1.0,1.2269622,4.5752015,
1_1_482_0,192,1.0,1.2273386,4.5216427,
1_1_2025_0,151,1.0,4.617423,4.526659,
1_1_994_0,169,1.0,1.5372154,4.3952193,
1_1_1353_0,108,1.0,4.1040797,4.165029,
1_1_1276_0,47,1.0,2.2197022,4.4312067,
1_1_1280_0,42,1.0,3.063862,4.4312067,
1_1_1635_0,196,1.0,4.111424,4.407443,
1_1_1569_0,204,1.0,5.618827,4.407443,
1_1_1098_0,279,1.0,9.505513,4.5242352,
1_1_1132_0,125,1.0,3.0708892,4.5210047,
1_1_240_0,28,1.0,3.0366771,4.590348,
1_1_609_0,74,1.0,3.0683172,4.5389543,
1_1_1330_0,148,1.0,4.6273675,4.5315137,
1_1_483_0,6,1.0,0.92740995,4.794002,
1_1_231_0,7,1.0,3.7047918,4.794002,
1_1_1223_0,14,1.0,4.9563446,4.6690726,
1_1_599_0,27,1.0,0.0,4.4945955,
1_1_1326_0,35,1.0,3.0354936,4.4491262,
1_1_171_0,30,1.0,4.432385,4.4945955,
1_1_1771_0,19,1.0,3.0356274,4.448851,
1_1_2023_0,29,1.0,1.5334711,4.4785366,
1_1_1101_0,10,1.0,2.6100855,4.416653,
1_1_237_0,32,1.0,0.0,4.276837,
1_1_494_0,34,1.0,1.5303301,4.2069445,
1_1_663_0,32,1.0,0.0,4.40652,
1_1_664_0,33,1.0,6.0779033,4.40652,
1_1_1162_0,22,1.0,0.92740995,4.403253,
1_1_2224_0,29,1.0,4.5852466,4.508434,
1_1_1631_0,7,1.0,3.0352345,4.463427,
1_1_348_0,13,1.0,6.701386,4.493966,
1_1_260_0,3,1.0,4.096013,4.538806,
1_1_1678_0,13,1.0,2.6082354,4.538806,
1_1_1719_0,59,1.0,0.0,4.2542186,
1_1_1833_0,44,1.0,1.8543341,4.1908937,
1_1_2004_0,40,1.0,2.216246,4.1908937,
1_1_45_0,55,1.0,2.2163467,4.052547,
1_1_1586_0,37,1.0,2.5998263,4.120556,
1_1_1772_0,37,1.0,1.2172624,4.123666,
1_1_1505_0,35,1.0,7.4073834,4.123666,
1_1_1632_0,35,1.0,7.4073834,4.123666,
1_1_2024_0,40,1.0,3.8983397,4.0471506,
1_1_2071_0,29,1.0,1.5292822,4.0471506,
1_1_175_0,33,1.0,0.0,4.0471506,
1_1_1234_0,40,1.0,5.196558,4.1464143,
1_1_184_0,36,1.0,10.972985,4.1464143,
1_1_1588_0,32,1.0,1.8543341,4.046756,
1_1_196_0,38,1.0,0.92740995,4.1431293,
1_1_1092_0,27,1.0,3.7566867,4.1109185,
1_1_480_0,36,1.0,4.9399056,4.190188,
1_1_529_0,36,1.0,3.898768,4.230322,
1_1_1546_0,31,1.0,3.7047918,4.3467655,
1_1_48_0,25,1.0,2.6098964,4.435394,
1_1_1363_0,41,1.0,4.586419,4.3366427,
1_1_1485_0,61,1.0,4.6273675,4.210803,
1_1_1727_0,56,1.0,2.4305072,4.2770553,
1_1_733_0,143,1.0,2.437355,4.2931123,
1_1_1349_0,143,1.0,1.5322616,4.2619677,
1_1_1351_0,160,1.0,2.2191021,4.269531,
1_1_1387_0,126,1.0,11.722505,3.9551134,
1_1_1010_0,143,1.0,3.0371447,3.9087944,
1_1_43_0,104,1.0,1.2242981,3.9554784,
1_1_607_0,89,1.0,3.0701146,3.9876842,
1_1_1341_0,109,1.0,5.2187343,4.0115085,
1_1_1216_0,568,1.0,3.0393898,3.87181,
1_1_1340_0,534,1.0,4.4400563,4.7231646,
1_1_1051_0,292,1.0,2.6203544,4.4991207,
1_1_242_0,224,1.0,2.5867133,3.9937253,
1_1_576_0,160,1.0,3.032412,4.3356266,
1_1_2007_0,159,1.0,3.7374732,4.305894,
1_1_1193_0,162,1.0,9.031147,4.389961,
1_1_688_0,40,1.0,1.5265179,4.111197,
1_1_615_0,14,1.0,1.8543341,4.241226,
1_1_1541_0,56,1.0,1.5267816,4.2397227,
1_1_394_0,17,1.0,1.5234253,4.260702,
1_1_1516_0,5,1.0,2.588749,4.2288675,
1_1_379_0,20,1.0,0.92740995,4.260697,
1_1_1637_0,19,1.0,1.5230798,4.283509,
1_1_155_0,9,1.0,6.092859,4.2730017,
1_1_1097_0,48,1.0,1.2069292,4.3289576,
1_1_1621_0,9,1.0,1.5223706,4.2965083,
1_1_735_0,6,1.0,3.6797397,4.256585,
1_1_81_0,12,1.0,3.040145,4.368126,
1_1_1457_0,4,1.0,6.082924,4.2896824,
1_1_1072_0,60,1.0,12.049684,4.162425,
1_1_1671_0,134,1.0,2.7802885,4.2311444,
1_1_239_0,107,1.0,3.6784978,4.309465,
1_1_1315_0,34,1.0,2.5786262,4.3910017,
1_1_1638_0,27,1.0,2.209326,4.250738,
1_1_485_0,29,1.0,3.7179673,4.2030272,
1_1_484_0,22,1.0,2.403277,4.253295,
1_1_1654_0,17,1.0,2.4012926,4.1965346,
1_1_846_0,19,1.0,2.573804,4.1965346,
1_1_1649_0,24,1.0,4.6273675,4.2030272,
1_1_1661_0,30,1.0,5.5370317,4.210698,
1_1_1585_0,16,1.0,1.8543341,4.170663,
1_1_659_0,24,1.0,3.031989,4.136329,
1_1_985_0,12,1.0,4.0427313,4.083404,
1_1_1832_0,25,1.0,2.2081616,4.0621414,
1_1_1580_0,26,1.0,1.5176748,4.232864,
1_1_1158_0,3,1.0,0.92740995,4.6839113,
1_1_336_0,6,1.0,2.3922863,4.1209393,
1_1_398_0,15,1.0,3.028126,4.3137817,
1_1_426_0,35,1.0,7.420176,4.376661,
1_1_333_0,11,1.0,2.2102525,4.374219,
1_1_1911_0,19,1.0,2.5769367,4.324154,
1_1_189_0,17,1.0,3.0301404,4.000423,
1_1_1568_0,30,1.0,3.8937316,4.160243,
1_1_401_0,24,1.0,3.0276837,4.1691194,
1_1_312_0,131,1.0,9.01286,3.9284081,
1_1_97_0,159,1.0,7.30529,4.1057506,
1_1_1227_0,160,1.0,4.422345,4.1323795,
1_1_1243_0,340,1.0,3.0482173,4.563171,
1_1_1581_0,142,1.0,1.8543341,3.7664971,
1_1_310_0,183,1.0,2.5808256,3.7167706,
1_1_1659_0,150,1.0,1.5202858,3.910533,
1_1_532_0,157,1.0,1.5187441,3.723231,
1_1_1379_0,203,1.0,9.503537,4.0300055,
1_1_2163_0,337,1.0,4.793823,4.7678666,
1_1_363_0,221,1.0,0.0,4.345705,
1_1_39_0,127,1.0,0.92740995,4.2565675,
1_1_351_0,131,1.0,3.056528,4.4565597,
1_1_148_0,240,1.0,4.6273675,4.6492286,
1_1_728_0,61,1.0,6.815835,4.114373,
1_1_70_0,194,1.0,4.2602754,4.551579,
1_1_2167_0,213,1.0,1.5798867,4.9618435,
1_1_328_0,300,1.0,2.2420905,3.7310193,
1_1_274_0,171,1.0,1.5666887,3.4938693,
1_1_1174_0,95,1.0,9.331209,5.149251,
1_1_1192_0,58,1.0,1.5619042,5.7458797,
1_1_875_0,83,1.0,3.0513823,6.003563,
1_1_369_0,83,1.0,5.3557396,5.96194,
1_1_139_0,302,1.0,1.2598087,4.531809,
1_1_519_0,158,1.0,2.241137,5.1962066,
1_1_159_0,176,1.0,7.4630313,5.0168905,
1_1_190_0,295,1.0,5.547545,4.212796,
1_1_119_0,222,1.0,9.143694,4.2737403,
1_1_143_0,276,1.0,3.91092,4.181426,
1_1_2162_0,316,1.0,0.92740995,4.1499834,
1_1_1152_0,306,1.0,7.2707963,4.2180824,
1_1_89_0,355,1.0,1.5629015,4.100876,
1_1_2171_0,326,1.0,10.827979,4.3892846,
1_1_106_0,209,1.0,4.6273675,5.0600863,
1_1_2037_0,21,1.0,2.2441368,4.861887,
1_1_740_0,44,1.0,10.357982,4.578625,
1_1_2160_0,90,1.0,6.9331436,4.3146353,
1_1_1079_0,11,1.0,4.7953196,4.346745,
1_1_1860_0,8,1.0,3.1309562,4.5112767,
1_1_1389_0,60,1.0,4.2109704,4.2765865,
1_1_99_0,35,1.0,3.912043,4.3618984,
1_1_1517_0,31,1.0,4.7943077,5.3236136,
1_1_1249_0,7,1.0,2.5015278,5.006208,
1_1_1064_0,8,1.0,2.2379444,4.9014735,
1_1_1880_0,14,1.0,3.740448,4.977411,
1_1_347_0,50,1.0,0.92740995,4.770883,
1_1_1003_0,51,1.0,5.0082684,4.7567635,
1_1_2221_0,62,1.0,3.0505316,4.469813,
1_1_523_0,70,1.0,2.6768498,4.547212,
1_1_1250_0,73,1.0,3.9109538,4.438147,
1_1_114_0,55,1.0,3.050289,4.6212087,
1_1_2049_0,40,1.0,6.5383763,4.345293,
1_1_204_0,46,1.0,3.1268854,4.3037767,
1_1_683_0,85,1.0,3.051884,4.30578,
1_1_1282_0,179,1.0,9.172985,4.3101645,
1_1_1150_0,336,1.0,1.5641689,4.237663,
1_1_2176_0,157,1.0,6.2729926,4.112377,
1_1_329_0,121,1.0,8.343529,4.112377,
1_1_2027_0,76,1.0,0.0,4.1814346,
1_1_1272_0,95,1.0,1.5636992,4.1814346,
1_1_1443_0,122,1.0,3.9115462,4.170802,
1_1_1515_0,95,1.0,1.5622542,4.1414075,
1_1_510_0,139,1.0,6.5238647,4.162612,
1_1_1251_0,87,1.0,4.4723973,4.249748,
1_1_440_0,244,1.0,8.747102,4.6450605,
1_1_431_0,247,1.0,7.5277824,4.6450605,
1_1_441_0,266,1.0,2.6691773,4.6450605,
1_1_1858_0,172,1.0,1.8543341,4.5103173,
1_1_2035_0,88,1.0,1.2530619,4.5790825,
1_1_105_0,156,1.0,4.665261,4.582365,
1_1_508_0,145,1.0,3.112118,4.6128917,
1_1_2038_0,151,1.0,11.12591,4.609451,
1_1_1077_0,111,1.0,1.8543341,4.6126504,
1_1_1834_0,80,1.0,4.9830937,4.5754905,
1_1_528_0,110,1.0,6.4893517,4.6139627,
1_1_1825_0,152,1.0,1.5555232,4.635128,
1_1_439_0,202,1.0,3.112065,4.676931,
1_1_296_0,214,1.0,8.753503,4.708654,
1_1_430_0,194,1.0,1.2512175,4.7444897,
1_1_193_0,160,1.0,11.059774,4.86412,
1_1_750_0,14,1.0,1.5510305,5.2143536,
1_1_340_0,31,1.0,3.7047918,5.1558666,
1_1_1258_0,35,1.0,7.491158,4.795093,
1_1_1469_0,144,1.0,4.463356,4.5420585,
1_1_1474_0,150,1.0,2.235218,4.513383,
1_1_112_0,83,1.0,1.5573928,4.675779,
1_1_1835_0,59,1.0,4.9896536,4.6160235,
1_1_1154_0,72,1.0,4.660129,4.568522,
1_1_1374_0,28,1.0,3.0467672,4.7005687,
1_1_1310_0,31,1.0,2.498046,4.8145204,
1_1_770_0,40,1.0,0.92740995,4.7898145,
1_1_520_0,33,1.0,6.0780163,4.943189,
1_1_1320_0,30,1.0,3.1024058,5.2319045,
1_1_144_0,28,1.0,1.5534048,5.1216435,
1_1_1393_0,49,1.0,8.7123,5.043275,
1_1_320_0,26,1.0,1.5515573,5.4295764,
1_1_433_0,29,1.0,6.7706633,5.4295764,
1_1_916_0,14,1.0,4.644701,5.4553456,
1_1_229_0,36,1.0,3.7196643,5.38002,
1_1_291_0,28,1.0,3.8307035,5.6030087,
1_1_1373_0,8,1.0,3.093874,6.1523027,
1_1_2169_0,27,1.0,3.7047918,5.9603033,
1_1_857_0,50,1.0,1.549529,5.9487734,
1_1_1365_0,43,1.0,5.6772337,5.824734,
1_1_1332_0,39,1.0,2.483501,5.824734,
1_1_434_0,27,1.0,4.1589437,5.700683,
1_1_496_0,46,1.0,3.727079,5.704443,
1_1_872_0,53,1.0,6.464861,5.700683,
1_1_1352_0,36,1.0,1.5506985,5.700683,
1_1_1069_0,44,1.0,12.548885,5.494762,
1_1_152_0,29,1.0,3.8432336,5.250787,
1_1_1742_0,41,1.0,8.627136,5.9561853,
1_1_432_0,29,1.0,6.174752,6.073934,
1_1_332_0,54,1.0,4.789232,6.190976,
1_1_2240_0,34,1.0,4.6273675,5.5770416,
1_1_1295_0,-7,1.0,8.6395,5.9819016,
1_1_1297_0,-1,1.0,1.2355407,5.9819016,
1_1_1267_0,19,1.0,7.1888275,5.480319,
1_1_371_0,186,1.0,2.2308338,4.954474,
1_1_2190_0,101,1.0,8.784568,5.2009373,
1_1_533_0,154,1.0,3.1085205,4.768723,
1_1_63_0,253,1.0,9.612072,4.7426577,
1_1_335_0,299,1.0,5.084799,4.542096,
1_1_146_0,286,1.0,12.351487,4.4490685,
1_1_121_0,264,1.0,12.571776,4.34815,
1_1_835_0,241,1.0,4.6273675,4.5051494,
1_1_317_0,122,1.0,1.5581088,4.3399553,
1_1_2018_0,129,1.0,10.270236,4.354608,
1_1_2020_0,129,1.0,10.270236,4.354608,
1_1_2021_0,129,1.0,10.270236,4.354608,
1_1_178_0,234,1.0,8.309793,4.5894375,
1_1_176_0,229,1.0,10.742301,4.5894375,
1_1_2170_0,190,1.0,2.7802885,4.4452343,
1_1_1591_0,76,1.0,5.6851034,4.3451304,
1_1_1391_0,74,1.0,3.048152,4.3735924,
1_1_195_0,108,1.0,2.2366836,4.34468,
1_1_2177_0,52,1.0,3.871525,5.087722,
1_1_1271_0,49,1.0,1.8543341,5.61578,
1_1_427_0,84,1.0,5.086567,4.7087364,
1_1_1270_0,75,1.0,3.7497933,4.3935823,
1_1_737_0,65,1.0,3.7474136,4.3588305,
1_1_53_0,55,1.0,7.45676,4.371704,
1_1_44_0,58,1.0,2.2363613,4.3746634,
1_1_1829_0,89,1.0,3.0482216,4.343631,
1_1_1269_0,64,1.0,10.539642,4.420313,
1_1_1257_0,29,1.0,2.7802885,4.3755674,
1_1_149_0,71,1.0,5.547545,4.333989,
1_1_716_0,100,1.0,3.7315576,4.471453,
1_1_51_0,76,1.0,3.7047918,4.421225,
1_1_361_0,152,1.0,7.253827,5.2505956,
1_1_120_0,477,1.0,1.2540345,4.8077135,
1_1_1593_0,302,1.0,0.0,4.662752,
1_1_1301_0,301,1.0,5.3406982,4.818047,
1_1_816_0,249,1.0,9.276879,4.724345,
1_1_956_0,25,1.0,1.5357805,4.948744,
1_1_960_0,25,1.0,1.5357805,4.948744,
1_1_959_0,21,1.0,0.0,5.0814734,
1_1_958_0,15,1.0,2.44752,5.2700744,
1_1_962_0,14,1.0,4.4365344,5.2700744,
1_1_954_0,28,1.0,3.7020645,5.161503,
1_1_1507_0,24,1.0,2.2225997,6.1082535,
1_1_1524_0,23,1.0,4.6273675,6.1692266,
1_1_1554_0,9,1.0,3.039438,5.888897,
1_1_1307_0,20,1.0,1.8543341,6.4895463,
1_1_1318_0,28,1.0,9.583548,5.8883953,
1_1_1316_0,13,1.0,5.6758056,6.4296546,
1_1_1293_0,14,1.0,0.92740995,6.4752417,
1_1_1308_0,21,1.0,5.9296837,6.345114,
1_2_1908_0,782,2.0,2.7393067,2.8291566,
1_2_2041_0,1361,2.0,3.8918233,5.348925,
1_2_2114_0,568,2.0,2.2031474,4.648545,
1_2_413_0,822,2.0,1.5089428,3.9430263,
1_2_137_0,1117,2.0,1.5083574,4.0191116,
1_2_1583_0,1086,2.0,19.05262,3.7926705,
1_2_412_0,763,2.0,2.3784454,3.7926705,
1_2_2191_0,830,2.0,2.2026343,3.7926705,
1_2_2154_0,974,2.0,4.3983355,3.7926705,
1_2_2153_0,987,2.0,6.571491,3.8763685,
1_2_631_0,2222,2.0,2.9854937,3.5825005,
1_2_629_0,2224,2.0,2.5180473,3.5825005,
1_2_630_0,2230,2.0,1.8543341,3.5825005,
1_2_1646_0,1320,2.0,0.92740995,3.0606875,
1_2_2126_0,1212,2.0,2.7802885,2.1942973,
1_2_1651_0,1257,2.0,0.92740995,2.6687446,
1_2_408_0,1346,2.0,3.029928,2.4662142,
1_2_458_0,1263,2.0,1.519057,2.2417488,
1_2_1879_0,1633,2.0,0.0,4.6335673,
1_2_1888_0,1454,2.0,11.966575,4.602143,
1_2_2086_0,1647,2.0,12.363114,4.6335673,
1_2_2087_0,1431,2.0,2.5713978,4.2644997,
1_2_124_0,1417,2.0,1.5164474,4.2644997,
1_2_125_0,1417,2.0,1.5164474,4.2644997,
1_2_1937_0,1444,2.0,3.8932574,4.602143,
1_2_2099_0,1444,2.0,3.8932574,4.602143,
1_2_1992_0,1399,2.0,4.427348,2.6674483,
1_2_1323_0,1243,2.0,1.5302263,3.8164701,
1_2_731_0,1287,2.0,0.92740995,2.5681574,
1_2_1936_0,1189,2.0,0.92740995,2.522595,
1_2_989_0,1254,2.0,5.847556,2.638053,
1_2_2000_0,1066,2.0,1.8543341,2.7862053,
1_2_1211_0,1466,2.0,8.436321,3.3760002,
1_2_498_0,1510,2.0,2.2195048,3.5638926,
1_2_1294_0,2064,2.0,3.028801,3.969452,
1_2_1319_0,1800,2.0,7.179049,4.3220243,
1_2_1882_0,1474,2.0,0.0,4.717682,
1_2_2212_0,1853,2.0,3.6499877,4.095078,
1_2_1181_0,1551,2.0,2.9983745,3.8677092,
1_2_685_0,1294,2.0,1.5089685,3.3937669,
1_2_787_0,1209,2.0,1.4745328,4.669212,
1_2_788_0,1296,2.0,0.0,4.6960053,
1_2_786_0,1240,2.0,1.4743383,4.669212,
1_2_784_0,-70,2.0,2.1596222,3.223011,
1_2_785_0,-70,2.0,2.1596222,3.223011,
1_2_783_0,-69,2.0,1.8543341,3.223011,
1_2_409_0,-70,2.0,1.8543341,3.223011,
1_2_1628_0,-67,2.0,1.1076974,3.223011,
1_2_1605_0,-67,2.0,1.1078237,3.2379386,
1_2_642_0,-67,2.0,1.1078413,3.2379386,
1_2_644_0,-69,2.0,1.1080028,3.3538706,
1_2_1336_0,-66,2.0,1.1083436,3.3890684,
1_2_643_0,-65,2.0,2.9922955,3.3890684,
1_2_1938_0,10,2.0,0.92740995,2.6861315,
1_2_2133_0,12,2.0,1.8543341,2.6192453,
1_2_782_0,12,2.0,1.8543341,2.6192453,
1_2_134_0,9,2.0,0.92740995,2.6861315,
1_2_1935_0,11,2.0,1.4412863,2.6283438,
1_2_561_0,-41,2.0,1.1059464,2.7991064,
1_2_1625_0,-54,2.0,3.3203006,3.086821,
1_2_2148_0,-3,2.0,0.0,2.3921828,
1_2_126_0,0,2.0,1.4403307,2.3921828,
1_2_808_0,1283,2.0,2.8682544,2.735761,
1_2_739_0,1896,2.0,1.5053505,4.132398,
2_1978_0,409,0.0,8.128375,3.5095217,
2_751_0,205,0.0,2.2851386,4.4204345,
2_753_0,177,0.0,3.83808,4.3261313,
2_754_0,239,0.0,2.277153,4.4167457,
2_1197_0,58,0.0,0.0,4.8147893,
2_905_0,212,0.0,6.1192417,4.694573,
2_869_0,84,0.0,1.3051502,4.761462,
2_755_0,246,0.0,15.475487,4.5389977,
2_558_0,888,0.0,1.613318,5.8984275,
2_1480_0,601,0.0,2.6049285,5.1287985,
2_802_0,367,0.0,7.820665,4.5187497,
2_1923_0,633,0.0,2.7802885,5.5165176,
2_1300_0,693,0.0,21.394796,5.1517925,
2_273_0,592,0.0,9.116071,5.417346,
2_844_0,675,0.0,7.460518,5.2308292,
2_1848_0,772,0.0,10.47952,5.370839,
2_1899_0,460,0.0,1.6005676,5.347068,
2_392_0,425,0.0,12.914009,4.652412,
2_619_0,413,0.0,3.2029498,4.819404,
2_621_0,395,0.0,2.6165738,5.3726254,
2_2143_0,401,0.0,1.8543341,5.3726254,
2_2144_0,401,0.0,1.8543341,5.3726254,
2_591_0,326,0.0,4.807917,4.965626,
2_1604_0,190,0.0,3.9348013,5.07832,
2_254_0,197,0.0,3.9350505,4.812815,
2_2150_0,573,0.0,2.7802885,4.9793544,
2_1238_0,367,0.0,3.7047918,4.4760857,
2_1209_0,341,0.0,0.92740995,4.3922305,
2_2134_0,502,0.0,1.6816553,4.136101,
2_628_0,502,0.0,2.9532874,4.136101,
2_775_0,499,0.0,2.3247395,4.136101,
2_773_0,445,0.0,2.8871753,4.241668,
2_887_0,451,0.0,1.3672051,4.2787566,
2_1418_0,326,0.0,1.6457847,3.9784691,
2_127_0,274,0.0,0.0,4.0529113,
2_1000_0,438,0.0,1.3525869,3.9562528,
2_1078_0,357,0.0,2.7802885,4.4542804,
2_1634_0,346,0.0,2.8060968,4.3885508,
2_1732_0,347,0.0,1.6172466,4.3885508,
2_2062_0,545,0.0,1.604798,4.4085197,
2_976_0,575,0.0,1.8543341,3.338854,
2_625_0,432,0.0,1.8543341,4.2705817,
2_1226_0,440,0.0,0.0,4.2646413,
2_774_0,440,0.0,0.0,4.2646413,
2_2275_0,655,0.0,2.7802885,4.0230994,
2_1705_0,602,0.0,1.8543341,4.2707047,
2_66_0,616,0.0,2.7802885,4.350976,
2_1094_0,670,0.0,0.92740995,4.484208,
2_1720_0,670,0.0,0.92740995,4.484208,
2_1721_0,670,0.0,0.92740995,4.484208,
2_780_0,670,0.0,0.92740995,4.484208,
2_1950_0,658,0.0,1.3636079,4.225663,
2_2102_0,658,0.0,1.3636079,4.225663,
2_1641_0,635,0.0,3.7047918,4.0894074,
2_2135_0,690,0.0,1.6658489,4.0303473,
2_2276_0,504,0.0,2.7802885,3.922321,
2_1924_0,640,0.0,2.7238252,4.257744,
2_1187_0,671,0.0,0.92740995,4.268637,
2_886_0,678,0.0,1.3631095,4.2985053,
2_866_0,488,0.0,9.262459,3.986103,
2_1482_0,554,0.0,0.0,4.2926946,
2_1179_0,828,0.0,5.447199,4.463305,
2_914_0,934,0.0,0.92740995,4.4269977,
2_19_0,950,0.0,1.3416219,4.3975472,
2_385_0,1442,0.0,2.7802885,4.707352,
2_2109_0,1101,0.0,2.8955905,4.0051537,
2_1177_0,1197,0.0,3.9515936,3.622032,
2_1252_0,1393,0.0,1.3459041,4.580207,
2_1640_0,1813,0.0,9.228115,4.4905434,
2_1842_0,1299,0.0,6.99036,3.6145341,
2_1844_0,1299,0.0,6.99036,3.6145341,
2_1931_0,1374,0.0,0.0,5.115544,
2_256_0,1690,0.0,3.831744,3.4192986,
2_986_0,1786,0.0,1.5786445,3.2354207,
2_1866_0,1774,0.0,2.7150404,3.358377,
2_1800_0,1898,0.0,4.2466187,3.743454,
2_825_0,1141,0.0,2.3231163,3.6797025,
2_1884_0,1273,0.0,0.92740995,3.8110454,
2_823_0,1193,0.0,2.7802885,3.7290385,
2_1655_0,123,0.0,5.4809656,5.8610406,
2_910_0,583,0.0,2.655365,3.7557662,
2_1555_0,782,0.0,4.3889146,3.9542322,
2_2278_0,650,0.0,3.0820088,3.7112923,
2_2266_0,747,0.0,7.652777,4.3374724,
2_1149_0,812,0.0,0.0,5.0547767,
2_1918_0,740,0.0,1.8543341,4.605654,
2_1151_0,782,0.0,1.8543341,4.825405,
2_1890_0,1047,0.0,6.604129,3.4157593,
2_948_0,773,0.0,1.358555,3.733774,
2_556_0,731,0.0,15.937973,3.3480225,
2_578_0,687,0.0,13.233293,3.1246073,
2_1402_0,782,0.0,7.0319767,3.5811543,
2_978_0,378,0.0,3.2689698,3.4077108,
2_1985_0,855,0.0,1.3440621,3.6473553,
2_1812_0,628,0.0,9.334686,3.499848,
2_738_0,543,0.0,1.8543341,3.4108548,
2_457_0,656,0.0,1.6232833,2.7832398,
2_1775_0,395,0.0,4.4017897,2.7840593,
2_904_0,395,0.0,4.4017897,2.7840593,
2_1019_0,585,0.0,8.619612,2.7875261,
2_136_0,571,0.0,4.564094,3.172611,
2_1409_0,110,0.0,7.8375454,3.0672872,
2_1648_0,369,0.0,8.696915,2.9454372,
2_715_0,275,0.0,1.6199425,3.0966694,
2_741_0,304,0.0,4.0833597,3.1266978,
2_727_0,301,0.0,0.92740995,3.1514049,
2_719_0,289,0.0,2.8115501,3.0966694,
2_2137_0,1032,0.0,3.2127473,3.8502567,
2_1715_0,1191,0.0,13.091008,3.0808637,
2_1674_0,1750,0.0,5.287438,3.9368994,
2_1673_0,1843,0.0,2.687246,3.908801,
2_1669_0,1448,0.0,11.126167,3.7772396,
2_1970_0,1384,0.0,1.2575971,3.5910065,
2_1971_0,1325,0.0,0.92740995,3.606849,
2_1972_0,1393,0.0,3.0504262,3.5714388,
2_2250_0,971,0.0,3.7610939,3.2756166,
2_1298_0,958,0.0,2.6999445,3.2251315,
2_2249_0,959,0.0,3.7047918,3.2251315,
2_1287_0,953,0.0,3.759776,3.2251315,
2_1292_0,958,0.0,2.6997185,3.1809068,
2_1289_0,980,0.0,0.92740995,3.2745128,
2_1285_0,963,0.0,1.5713775,3.1989813,
2_1291_0,984,0.0,3.9150043,3.2630758,
2_1660_0,943,0.0,3.0547998,3.0880225,
2_671_0,1050,0.0,3.9135985,2.8716118,
2_893_0,1039,0.0,4.795484,2.8204906,
2_1965_0,1039,0.0,4.2138557,2.872962,
2_891_0,1047,0.0,2.6919045,2.846548,
2_1973_0,1032,0.0,3.1338933,2.9077137,
2_1975_0,1034,0.0,1.5680599,2.9077137,
2_1876_0,1033,0.0,5.268055,2.9438155,
2_1967_0,1020,0.0,4.7957964,2.9077137,
2_903_0,1011,0.0,1.2657652,2.8966777,
2_1916_0,1002,0.0,4.6969395,2.8966777,
2_672_0,1023,0.0,1.8543341,2.8716118,
2_1966_0,1112,0.0,2.686432,2.8013208,
2_906_0,1073,0.0,1.2632767,2.849033,
2_717_0,338,0.0,0.92740995,3.2584872,
2_714_0,329,0.0,0.92740995,3.2870517,
2_723_0,328,0.0,1.3266428,3.2870517,
2_721_0,319,0.0,0.92740995,3.2870517,
2_722_0,331,0.0,1.6183115,3.2870517,
2_669_0,234,0.0,1.6189101,2.9187477,
2_707_0,246,0.0,4.383082,2.9594655,
2_907_0,740,0.0,2.8160892,4.101509,
2_1996_0,744,0.0,1.3305073,4.101509,
2_592_0,84,0.0,2.2803683,3.0934546,
2_25_0,272,0.0,4.0844145,3.022122,
2_1929_0,277,0.0,6.60492,2.9680414,
2_1169_0,331,0.0,2.7802885,3.1346128,
2_570_0,403,0.0,2.2798011,3.2773046,
2_1995_0,414,0.0,2.6519039,4.407318,
2_1493_0,484,0.0,0.0,4.43282,
2_1927_0,469,0.0,0.92740995,4.4583244,
2_26_0,509,0.0,3.2292366,4.6190844,
2_1601_0,460,0.0,3.8361797,4.5752153,
2_1982_0,423,0.0,1.6171285,4.3629584,
2_865_0,499,0.0,2.2775314,4.2314663,
2_1398_0,805,0.0,8.325912,3.783953,
2_1417_0,805,0.0,8.325912,3.783953,
2_1427_0,805,0.0,8.325912,3.783953,
2_1520_0,917,0.0,2.2743735,3.9380016,
2_2262_0,1612,0.0,9.047104,3.3088896,
2_258_0,88,0.0,5.1819997,5.136018,
2_249_0,43,0.0,2.2018795,2.565887,
2_1693_0,8,0.0,3.6566944,3.331844,
2_2010_0,10,0.0,1.8543341,3.331844,
2_252_0,6,0.0,8.070486,3.5712638,
2_1919_0,48,0.0,4.387242,3.857942,
2_35_0,71,0.0,6.9307528,3.9534135,
2_1618_0,81,0.0,1.8543341,3.9534135,
2_1629_0,55,0.0,18.410603,3.8883855,
2_1502_0,50,0.0,3.8870454,3.9189897,
2_595_0,51,0.0,8.725364,3.9189897,
2_968_0,61,0.0,5.547545,3.9638748,
2_1692_0,80,0.0,2.3571308,3.9638748,
2_31_0,14,0.0,1.8543341,3.7620823,
2_309_0,388,0.0,2.1933665,2.8764715,
2_1815_0,258,0.0,2.193559,2.8764715,
2_1910_0,343,0.0,9.267096,2.8764715,
2_1976_0,192,0.0,8.6851225,2.8234584,
2_1617_0,335,0.0,8.362562,2.889241,
2_1821_0,126,0.0,0.92740995,2.867557,
2_1521_0,73,0.0,4.4757214,3.019471,
2_1500_0,87,0.0,6.464861,3.973409,
2_1946_0,15,0.0,4.7723985,3.1516924,
2_789_0,15,0.0,4.7723985,3.1516924,
2_407_0,417,0.0,9.394749,3.5822358,
2_2015_0,50,0.0,6.0319314,3.607595,
2_2017_0,37,0.0,2.1835215,3.6457908,
2_974_0,1770,0.0,0.0,4.4632154,
2_876_0,1505,0.0,3.6520405,3.5856953,
2_842_0,1537,0.0,2.200482,3.81319,
2_1969_0,1276,0.0,7.2919464,4.7355156,
2_1813_0,1528,0.0,15.612072,4.750236,
2_323_0,1312,0.0,8.118299,4.5409217,
2_2112_0,878,0.0,6.4666734,3.8575332,
2_1477_0,1304,0.0,4.6273675,4.8568187,
2_1362_0,1117,0.0,2.1717298,3.8942347,
2_1657_0,905,0.0,3.000713,4.236618,
2_2279_0,1227,0.0,9.460806,5.1370144,
2_2277_0,1268,0.0,0.92740995,4.8382215,
2_1073_0,1273,0.0,10.074363,4.697799,
2_1688_0,1269,0.0,4.615952,4.8382215,
2_1713_0,1267,0.0,2.1725736,4.8382215,
2_2127_0,1325,0.0,16.5517,4.524941,
2_1838_0,1326,0.0,15.706052,4.524941,
2_2101_0,1217,0.0,2.927227,4.524941,
2_1840_0,1433,0.0,8.2891,4.5394287,
2_517_0,1482,0.0,7.2822247,4.5394287,
2_1817_0,1521,0.0,12.955759,4.5394287,
2_411_0,1484,0.0,2.7802885,4.5394287,
2_2123_0,1603,0.0,18.60775,4.8475313,
2_2111_0,1382,0.0,17.443483,4.8475313,
2_2121_0,1382,0.0,17.443483,4.8475313,
2_2281_0,1338,0.0,3.519697,4.8382215,
2_269_0,1356,0.0,11.481306,4.8382215,
2_403_0,1338,0.0,16.30006,5.1370144,
2_641_0,1338,0.0,16.30006,5.1370144,
2_640_0,1430,0.0,11.026017,5.1370144,
2_280_0,1212,0.0,10.081313,5.1701217,
2_1868_0,1194,0.0,7.2820044,5.054239,
2_2107_0,1034,0.0,1.4638647,5.054239,
2_1951_0,1032,0.0,4.884881,5.054239,
2_122_0,1034,0.0,0.92740995,5.054239,
2_1952_0,1034,0.0,0.92740995,5.054239,
2_1953_0,1034,0.0,0.92740995,5.054239,
2_2103_0,1034,0.0,0.92740995,5.054239,
2_2105_0,1034,0.0,0.92740995,5.054239,
2_1920_0,1070,0.0,1.1327177,5.054239,
2_1082_0,1049,0.0,1.4635788,4.9545364,
2_1083_0,1049,0.0,1.4635788,4.9545364,
2_1737_0,1063,0.0,3.8655224,4.9545364,
2_1084_0,933,0.0,0.92740995,4.8339643,
2_1085_0,933,0.0,0.92740995,4.8339643,
2_1841_0,933,0.0,1.1322253,4.8339643,
2_1739_0,924,0.0,2.9253097,4.8339643,
2_1741_0,901,0.0,1.4636116,4.8339643,
2_1738_0,880,0.0,3.0015018,4.967652,
2_1499_0,1017,0.0,3.7047918,4.967652,
2_1538_0,996,0.0,3.7047918,4.967652,
2_1496_0,987,0.0,4.339445,4.8626857,
2_518_0,888,0.0,3.8665826,4.8810654,
2_131_0,841,0.0,2.2647355,4.8810654,
2_1694_0,341,0.0,2.4227486,3.2667634,
2_233_0,816,0.0,1.1261159,3.8527138,
2_236_0,1194,0.0,8.581675,3.251812,
2_1689_0,1056,0.0,10.096576,4.497233,
2_1384_0,196,0.0,3.8645368,2.5345008,
2_1857_0,1262,0.0,3.7859704,3.190378,
2_2016_0,1259,0.0,5.4941034,3.190378,
2_1799_0,423,0.0,7.267162,3.908519,
2_1711_0,304,0.0,2.164622,3.9645512,
2_1127_0,259,0.0,2.9020443,3.964947,
2_1696_0,238,0.0,1.8543341,3.964947,
2_776_0,258,0.0,2.1646745,4.024479,
2_123_0,258,0.0,1.4521132,4.024479,
2_130_0,258,0.0,1.4521132,4.024479,
2_1532_0,258,0.0,1.4521132,4.024479,
2_36_0,262,0.0,0.0,4.0300283,
2_389_0,228,0.0,2.1645863,3.964947,
2_1126_0,222,0.0,3.5641742,3.964947,
2_1327_0,202,0.0,2.1644025,3.964947,
2_1954_0,185,0.0,3.8686733,3.9630237,
2_1819_0,276,0.0,5.657522,3.9610713,
2_128_0,345,0.0,2.9031527,4.040197,
2_129_0,345,0.0,2.9031527,4.040197,
2_1798_0,345,0.0,2.9031527,4.040197,
2_2157_0,359,0.0,1.1181974,4.040197,
2_27_0,315,0.0,1.8543341,4.024479,
2_1897_0,333,0.0,2.1647573,4.024479,
2_410_0,561,0.0,13.299841,4.02008,
2_422_0,492,0.0,5.790307,4.015681,
2_1816_0,457,0.0,3.868846,4.02008,
2_1695_0,498,0.0,9.766789,4.02008,
2_1658_0,517,0.0,3.8688018,4.02008,
2_1814_0,759,0.0,4.3496547,4.0090094,
2_1820_0,422,0.0,1.4520514,3.7640305,
2_1248_0,549,0.0,19.03145,3.7640305,
2_1656_0,452,0.0,2.1646426,3.8193994,
2_261_0,477,0.0,0.0,3.7640305,
2_248_0,580,0.0,2.7802885,3.4405777,
2_222_0,357,0.0,3.8680828,4.6729426,
2_454_0,479,0.0,3.8599188,4.769931,
2_2075_0,525,0.0,2.8624117,4.629257,
2_3_0,511,0.0,4.754666,4.83561,
2_909_0,376,0.0,7.074892,4.5403147,
2_1005_0,406,0.0,5.9680357,4.5359073,
2_1863_0,424,0.0,2.1599317,4.5677123,
2_1273_0,339,0.0,1.8543341,4.564214,
2_1388_0,379,0.0,1.4467683,4.5580115,
2_1853_0,351,0.0,2.7802885,4.6683545,
2_1514_0,352,0.0,1.1120514,4.7139134,
2_536_0,572,0.0,1.4408381,4.5155087,
2_88_0,421,0.0,0.92740995,4.61426,
2_90_0,440,0.0,2.2271492,4.620317,
2_173_0,641,0.0,2.8836875,4.0970054,
2_734_0,722,0.0,4.3901024,4.4153686,
2_1779_0,738,0.0,3.5401626,4.8102036,
2_1781_0,757,0.0,5.669442,4.8102036,
2_1861_0,777,0.0,1.8543341,4.530369,
2_1905_0,764,0.0,0.92740995,4.4009542,
2_1941_0,781,0.0,2.15382,4.4218645,
2_15_0,734,0.0,1.8543341,4.781454,
2_2243_0,754,0.0,1.4363421,4.88206,
2_1851_0,748,0.0,3.7047918,4.8124266,
2_1808_0,737,0.0,2.381392,4.8115277,
2_1818_0,747,0.0,2.8711784,4.7164702,
2_1994_0,759,0.0,2.1543202,5.081141,
2_1630_0,766,0.0,5.961586,5.2164035,
2_2269_0,754,0.0,3.4197452,5.114893,
2_1993_0,530,0.0,2.1987052,4.801505,
2_1943_0,575,0.0,0.92740995,4.8957934,
2_1877_0,336,0.0,0.92740995,4.19931,
2_2003_0,52,0.0,2.2677932,4.4560585,
2_319_0,114,0.0,3.2387898,4.4509306,
2_1823_0,13,0.0,0.92740995,4.47592,
2_67_0,240,0.0,1.3951807,4.620967,
2_342_0,275,0.0,2.127656,4.6283703,
2_1907_0,229,0.0,0.92740995,4.7348228,
2_1059_0,260,0.0,2.287828,4.707672,
2_987_0,9,0.0,3.4821918,5.1026206,
2_537_0,2,0.0,5.076476,5.284021,
2_732_0,20,0.0,2.9712775,4.8679395,
2_864_0,6,0.0,0.0,4.872715,
2_2264_0,8,0.0,0.0,4.733683,
2_21_0,3,0.0,0.92740995,5.1108713,
2_1714_0,10,0.0,1.3903594,4.5759068,
2_1663_0,11,0.0,3.236715,4.9788537,
2_1665_0,12,0.0,2.0691426,4.80631,
2_1350_0,10,0.0,4.971177,5.5116243,
2_1831_0,1447,0.0,7.2446337,4.1060495,
2_1139_0,1357,0.0,0.92740995,4.1456585,
2_1137_0,1362,0.0,5.683626,4.1456585,
2_1419_0,1502,0.0,22.328363,4.054078,
2_1245_0,1018,0.0,2.3484354,4.711953,
2_1563_0,848,0.0,21.791805,4.0912814,
2_1565_0,848,0.0,21.791805,4.0912814,
2_1653_0,888,0.0,8.2891,4.5143795,
2_1552_0,928,0.0,2.1461082,4.165015,
2_18_0,957,0.0,2.1454043,4.1735463,
2_908_0,776,0.0,1.0828859,4.896285,
2_7_0,783,0.0,7.0880666,4.392826,
2_9_0,799,0.0,2.1519308,4.659915,
2_1129_0,693,0.0,2.7802885,4.484333,
2_2110_0,743,0.0,2.195876,4.427313,
2_2128_0,722,0.0,2.7802885,4.4363894,
2_730_0,722,0.0,2.1559987,4.3763742,
2_1942_0,827,0.0,2.3753633,4.8745027,
2_742_0,807,0.0,1.8543341,4.839825,
2_1986_0,826,0.0,2.8654664,4.866748,
2_635_0,832,0.0,2.8644602,4.9194064,
2_634_0,845,0.0,2.1887007,4.482189,
2_700_0,842,0.0,2.1891997,4.554809,
2_20_0,847,0.0,0.0,4.5021954,
2_406_0,772,0.0,0.92740995,4.4498386,
2_2245_0,844,0.0,2.7802885,4.385617,
2_234_0,824,0.0,1.4313881,4.9505186,
2_1423_0,943,0.0,1.426668,3.970451,
2_1241_0,752,0.0,3.3766856,3.989177,
2_704_0,1026,0.0,2.3744004,4.398806,
2_1778_0,1173,0.0,2.1583023,4.6114464,
2_2058_0,968,0.0,0.92740995,4.599079,
2_1334_0,945,0.0,1.4495082,4.66062,
2_1066_0,972,0.0,0.0,4.520352,
2_2009_0,887,0.0,2.7802885,4.540722,
2_712_0,893,0.0,3.7932084,4.617659,
2_1867_0,896,0.0,3.4381297,4.4938893,
2_321_0,919,0.0,0.92740995,4.353953,
2_1710_0,859,0.0,2.158272,4.5951867,
2_1974_0,837,0.0,4.3197074,4.6432567,
2_1998_0,737,0.0,0.92740995,4.3783126,
2_2125_0,726,0.0,3.5459027,4.256703,
2_16_0,742,0.0,3.7047918,4.236544,
2_14_0,902,0.0,7.8298416,4.5889764,
2_2271_0,944,0.0,2.9060853,4.3875966,
2_2036_0,968,0.0,2.165752,4.573081,
2_943_0,968,0.0,11.316217,4.485733,
2_101_0,983,0.0,3.5731087,4.250808,
2_794_0,1046,0.0,1.4658892,4.957158,
2_859_0,1055,0.0,5.3099527,4.573823,
2_531_0,1084,0.0,1.1366104,4.591951,
2_550_0,1083,0.0,1.4671061,4.574914,
2_191_0,1327,0.0,0.92740995,4.543228,
2_944_0,1358,0.0,1.4521636,4.4916105,
2_1068_0,1267,0.0,2.1676745,4.488405,
2_588_0,1422,0.0,1.4606346,4.430709,
2_603_0,1402,0.0,2.9189756,4.430709,
2_1854_0,1480,0.0,9.103807,4.0771127,
2_946_0,1194,0.0,2.1703966,4.701574,
2_49_0,1176,0.0,2.999832,4.693707,
2_1852_0,1200,0.0,2.7802885,4.688447,
2_1769_0,1189,0.0,8.362539,4.688447,
2_1968_0,1200,0.0,4.3917527,4.5232577,
2_1647_0,1190,0.0,3.876072,4.7599015,
2_945_0,1236,0.0,2.2710416,4.2973356,
2_936_0,1247,0.0,2.4532053,4.1401243,
2_2095_0,1063,0.0,2.7802885,4.7191687,
2_2094_0,1065,0.0,2.7802885,4.728697,
2_1782_0,964,0.0,3.922907,4.642793,
2_2090_0,979,0.0,10.272485,4.6508045,
2_2091_0,965,0.0,3.879251,4.601812,
2_1385_0,918,0.0,3.4591584,4.510881,
2_626_0,954,0.0,5.900367,4.5283856,
2_2092_0,959,0.0,0.0,4.4683876,
2_2093_0,965,0.0,0.92740995,4.6117387,
2_1232_0,955,0.0,1.1542623,4.7417545,
2_1386_0,1005,0.0,11.058307,4.739736,
2_555_0,1089,0.0,2.7802885,4.3202105,
2_1140_0,1086,0.0,5.752813,4.132137,
2_554_0,1080,0.0,7.4654527,4.346873,
2_553_0,1080,0.0,3.9001584,4.277745,
2_551_0,1103,0.0,2.9424648,4.392112,
2_552_0,1117,0.0,1.8543341,4.392112,
2_495_0,1089,0.0,1.8543341,4.465344,
2_2268_0,1075,0.0,2.1750488,4.557877,
2_919_0,1046,0.0,1.4681171,4.8502555,
2_1063_0,1026,0.0,0.92740995,4.637717,
2_1062_0,1021,0.0,0.0,4.6863365,
2_402_0,1037,0.0,0.0,4.9200287,
2_1421_0,1038,0.0,2.458,4.7185225,
2_2168_0,927,0.0,1.4770893,4.8648114,
2_1794_0,945,0.0,2.4847012,4.3797817,
2_1113_0,901,0.0,1.8543341,4.4946556,
2_600_0,932,0.0,4.3787727,4.325221,
2_549_0,972,0.0,1.5046083,4.798908,
2_287_0,1237,0.0,1.1989619,4.274485,
2_1984_0,1444,0.0,4.3796563,3.7406278,
2_1758_0,1341,0.0,3.6336756,4.1465473,
2_288_0,2004,0.0,3.0243788,4.14854,
2_1543_0,1492,0.0,2.9986846,3.1546705,
2_1845_0,1841,0.0,2.1941094,3.245497,
2_725_0,1853,0.0,2.5217426,3.4676428,
2_874_0,1256,0.0,6.293287,3.3900452,
2_1903_0,1759,0.0,6.841645,4.379125,
2_1704_0,1496,0.0,3.5022917,4.023483,
2_1872_0,1431,0.0,3.8280892,4.340428,
2_682_0,2104,0.0,2.9135146,4.6632643,
2_1198_0,2462,0.0,1.4662206,3.9744508,
2_1229_0,1780,0.0,3.3766644,3.959061,
2_868_0,1800,0.0,2.2540054,3.8557189,
2_326_0,1904,0.0,1.1379173,4.0925717,
2_282_0,2238,0.0,2.991479,4.227061,
2_2283_0,1457,0.0,0.92740995,3.5523527,
2_1702_0,2268,0.0,2.227004,3.353362,
2_6_0,2298,0.0,1.5432347,3.353362,
2_5_0,2283,0.0,2.4671693,3.2804794,
2_860_0,1587,0.0,5.6883287,4.5997,
2_1142_0,1617,0.0,1.2664496,4.1411357,
2_575_0,1717,0.0,3.055108,4.07443,
2_577_0,1755,0.0,3.055441,3.994863,
2_871_0,1747,0.0,2.2460701,4.159231,
2_1123_0,2066,0.0,3.1082408,4.5700088,
2_562_0,2082,0.0,1.2463051,4.1677346,
2_281_0,2066,0.0,2.2328334,3.9053857,
2_1523_0,2252,0.0,1.5501647,4.0870895,
2_777_0,2165,0.0,3.8332167,4.232907,
2_781_0,2094,0.0,1.2425004,4.287251,
2_1432_0,2401,0.0,3.0953238,3.9879293,
2_1433_0,2366,0.0,1.8543341,3.9879293,
2_1434_0,2348,0.0,1.5493789,3.9879293,
2_1436_0,2338,0.0,1.2415351,3.9489632,
2_1606_0,1829,0.0,3.0310433,3.4935455,
2_266_0,1727,0.0,4.0411367,4.3371787,
2_267_0,1704,0.0,0.92740995,4.3369837,
2_1144_0,1739,0.0,2.2085452,4.0410266,
2_984_0,1567,0.0,3.038536,3.7524204,
2_1940_0,1635,0.0,8.376909,3.5864625,
2_1090_0,1934,0.0,1.2286767,3.618558,
2_702_0,2005,0.0,3.0399842,4.6577945,
2_858_0,2042,0.0,3.0399084,4.730499,
2_1709_0,1488,0.0,3.0845265,4.320344,
2_937_0,1272,0.0,2.221541,4.1500325,
2_1886_0,1324,0.0,1.2284335,4.171654,
2_1080_0,1297,0.0,1.2285266,4.1627946,
2_1525_0,1373,0.0,2.4543557,4.192902,
2_942_0,1342,0.0,0.92740995,4.184556,
2_2131_0,1400,0.0,3.0745904,4.235618,
2_2096_0,1447,0.0,1.2284852,4.1704707,
2_1322_0,1655,0.0,1.5158813,4.4558454,
2_1032_0,1286,0.0,2.5697901,4.285041,
2_1701_0,559,0.0,1.8543341,3.6940346,
2_279_0,540,0.0,4.2730803,4.062427,
2_103_0,822,0.0,0.92740995,4.47177,
2_1746_0,818,0.0,4.1949477,4.863957,
2_37_0,750,0.0,2.2438874,4.138766,
2_1464_0,573,0.0,1.8543341,4.525727,
2_2136_0,578,0.0,3.1693695,3.8191965,
2_2270_0,572,0.0,2.257936,4.3792834,
2_809_0,619,0.0,3.9249442,4.4930906,
2_1178_0,492,0.0,2.7802885,4.3138404,
2_1961_0,500,0.0,0.92740995,4.281406,
2_1962_0,504,0.0,0.0,4.281406,
2_1960_0,506,0.0,0.92740995,4.281406,
2_1963_0,501,0.0,4.5093327,4.281406,
2_1959_0,503,0.0,1.2897019,4.281406,
2_2098_0,575,0.0,1.8543341,4.2255416,
2_2118_0,569,0.0,2.2614663,4.2255416,
2_2116_0,580,0.0,2.2615013,4.2255416,
2_2108_0,581,0.0,0.92740995,4.2255416,
2_1805_0,579,0.0,1.5950071,4.3965683,
2_1236_0,579,0.0,5.695515,4.3794417,
2_28_0,582,0.0,1.8543341,4.423935,
2_1395_0,560,0.0,3.7047918,4.440514,
2_1413_0,557,0.0,1.5955486,4.440514,
2_1415_0,562,0.0,3.9983544,4.440514,
2_1397_0,567,0.0,1.2984432,4.440514,
2_1399_0,577,0.0,2.2630875,4.3794417,
2_1411_0,575,0.0,2.263176,4.440514,
2_1237_0,568,0.0,3.1883662,4.440514,
2_1283_0,592,0.0,0.92740995,4.4450383,
2_2130_0,559,0.0,3.0667148,4.3037424,
2_2115_0,563,0.0,1.8543341,4.3037424,
2_2117_0,564,0.0,2.2618415,4.3037424,
2_1081_0,563,0.0,3.1836987,4.2512617,
2_1224_0,558,0.0,2.7484515,4.205414,
2_1983_0,587,0.0,0.92740995,4.2512617,
2_1405_0,570,0.0,2.5872812,4.265904,
2_1407_0,577,0.0,2.7802885,4.265904,
2_540_0,441,0.0,3.0668674,4.1449876,
2_557_0,458,0.0,1.5937818,4.180089,
2_542_0,456,0.0,1.5937719,4.180089,
2_538_0,453,0.0,1.5936521,4.180089,
2_573_0,454,0.0,2.2619748,4.180089,
2_539_0,441,0.0,2.591034,4.180089,
2_1956_0,317,0.0,1.5968866,4.057861,
2_2285_0,453,0.0,1.5889143,4.702768,
2_2083_0,433,0.0,1.5871507,4.804723,
2_1207_0,451,0.0,0.0,4.728004,
2_812_0,523,0.0,5.3304067,4.8041277,
2_165_0,523,0.0,0.92740995,4.747074,
2_1576_0,538,0.0,2.254891,4.7113566,
2_2142_0,529,0.0,1.2859609,4.5595345,
2_1277_0,513,0.0,8.935674,4.5312095,
2_2247_0,547,0.0,0.0,4.568253,
2_1627_0,547,0.0,8.385754,4.568253,
2_1636_0,553,0.0,0.0,4.5932164,
2_2082_0,514,0.0,2.257112,4.568253,
2_1760_0,574,0.0,3.790122,4.397004,
2_1225_0,561,0.0,0.92740995,4.421563,
2_1749_0,574,0.0,0.0,4.4790215,
2_1743_0,559,0.0,1.289388,4.421563,
2_1239_0,549,0.0,1.5876445,4.446086,
2_1783_0,529,0.0,1.8543341,4.3559904,
2_1768_0,530,0.0,1.58762,4.3559904,
2_1766_0,530,0.0,1.2889957,4.3559904,
2_1764_0,532,0.0,0.0,4.3559904,
2_1785_0,531,0.0,1.5876935,4.3559904,
2_1579_0,552,0.0,1.5881047,4.3943973,
2_1790_0,550,0.0,2.2581494,4.3943973,
2_1788_0,550,0.0,1.5883106,4.421563,
2_1787_0,559,0.0,2.7398517,4.421563,
2_1776_0,558,0.0,1.5887915,4.3682685,
2_30_0,537,0.0,3.0649018,4.3739457,
2_1182_0,581,0.0,0.92740995,4.3248115,
2_2106_0,578,0.0,6.337915,4.2986794,
2_1401_0,564,0.0,0.92740995,4.2542186,
2_1428_0,578,0.0,4.5140996,4.265904,
2_1429_0,571,0.0,3.0658593,4.265904,
2_1416_0,569,0.0,0.92740995,4.265904,
2_1431_0,590,0.0,0.92740995,4.265904,
2_276_0,602,0.0,3.9230485,4.265904,
2_1403_0,588,0.0,1.5919011,4.2453976,
2_1545_0,529,0.0,0.92740995,4.4735427,
2_1712_0,449,0.0,1.5815845,4.6255875,
2_1664_0,462,0.0,3.8337688,4.641069,
2_2124_0,503,0.0,2.2527852,4.8243628,
2_2122_0,503,0.0,1.2802521,4.8101034,
2_2120_0,503,0.0,0.0,4.8243628,
2_2113_0,501,0.0,1.5806842,4.8101034,
2_2119_0,505,0.0,1.2801459,4.8243628,
2_1806_0,486,0.0,3.152805,4.464103,
2_1803_0,483,0.0,0.92740995,4.464103,
2_1801_0,482,0.0,2.2506132,4.464103,
2_2246_0,465,0.0,0.92740995,4.7260165,
2_622_0,465,0.0,0.92740995,4.7260165,
2_2140_0,461,0.0,2.5605845,4.8606935,
2_2138_0,461,0.0,2.2532349,4.8836594,
2_2139_0,457,0.0,1.2811686,4.866637,
2_2141_0,462,0.0,0.92740995,4.8836594,
2_1793_0,443,0.0,0.0,4.866637,
2_1777_0,441,0.0,1.58181,4.8431554,
2_1792_0,442,0.0,1.8543341,4.8431554,
2_2284_0,447,0.0,2.2533221,4.8431554,
2_2288_0,447,0.0,2.2533221,4.8431554,
2_2287_0,449,0.0,2.7232385,4.8431554,
2_2286_0,446,0.0,0.92740995,4.8431554,
2_2149_0,458,0.0,0.92740995,4.8606935,
2_1757_0,451,0.0,2.7138546,4.727389,
2_882_0,465,0.0,0.92740995,4.7064385,
2_1091_0,439,0.0,3.0556386,3.9959936,
2_1201_0,439,0.0,3.13393,4.2479787,
2_1810_0,431,0.0,5.2621913,4.458879,
2_275_0,439,0.0,1.8543341,4.3684945,
2_686_0,559,0.0,1.2617899,4.2011805,
2_1071_0,540,0.0,1.5657827,4.2454104,
2_1527_0,461,0.0,2.6668403,4.409744,
2_1933_0,420,0.0,2.7802885,4.504883,
2_526_0,402,0.0,3.0423717,4.6370416,
2_12_0,337,0.0,1.2209127,3.7550578,
2_2085_0,350,0.0,6.900955,3.9553664,
2_2076_0,344,0.0,4.950614,3.8735225,
2_1074_0,389,0.0,2.5913236,4.1857715,
2_790_0,453,0.0,3.0488503,4.3586717,
2_278_0,379,0.0,0.92740995,4.37374,
2_1667_0,606,0.0,3.7292082,4.5050726,
2_456_0,602,0.0,1.5538185,4.618336,
2_1061_0,633,0.0,1.8543341,4.567603,
2_423_0,602,0.0,1.5543855,4.7145925,
2_1512_0,823,0.0,2.2287629,4.704242,
2_1196_0,744,0.0,3.7047918,4.3704715,
2_338_0,741,0.0,1.8543341,4.1721973,
2_850_0,669,0.0,1.5035961,4.7416525,
2_940_0,685,0.0,2.204689,4.696388,
2_1595_0,536,0.0,4.018686,4.706094,
2_1997_0,539,0.0,3.658383,4.2426376,
2_736_0,481,0.0,3.0241003,4.3508453,
2_534_0,550,0.0,1.8543341,4.9245787,
2_602_0,548,0.0,2.7802885,5.0190053,
2_1690_0,514,0.0,1.4903412,4.9825687,
2_1915_0,732,0.0,2.1917346,5.1931767,
2_884_0,711,0.0,0.92740995,5.2070894,
2_1855_0,752,0.0,1.1744576,4.8426757,
2_1540_0,748,0.0,1.4959056,4.7340226,
2_1909_0,746,0.0,1.1746656,4.758463,
2_1675_0,831,0.0,1.4965997,4.961459,
2_1577_0,842,0.0,2.3495302,4.915909,
2_1537_0,855,0.0,2.9847,4.829906,
2_272_0,853,0.0,5.1809998,4.8372145,
2_1934_0,649,0.0,0.92740995,4.4636297,
2_684_0,616,0.0,5.3873806,4.194453,
2_1703_0,642,0.0,8.964541,4.498882,
2_2146_0,661,0.0,4.9693274,4.435108,
2_1087_0,731,0.0,3.6069381,4.9944353,
2_1200_0,720,0.0,5.0540333,5.0854115,
2_2265_0,746,0.0,1.1395336,4.5995965,
2_925_0,907,0.0,2.7802885,4.932792,
2_492_0,429,0.0,0.0,4.0427523,
2_1185_0,728,0.0,2.7802885,4.621917,
2_33_0,590,0.0,4.5494504,4.8275623,
2_1822_0,539,0.0,1.1392419,4.8699207,
2_1230_0,507,0.0,3.5245056,4.350257,
2_225_0,523,0.0,2.927645,4.4001136,
2_1901_0,605,0.0,1.8543341,4.8520775,
2_1708_0,626,0.0,2.9215674,4.9239635,
2_1533_0,562,0.0,0.92740995,4.9194975,
2_878_0,500,0.0,2.4410691,4.824267,
2_1508_0,428,0.0,1.1360137,4.6252394,
2_376_0,467,0.0,2.4552205,4.6095805,
2_1875_0,434,0.0,1.140957,4.98553,
2_1837_0,445,0.0,3.0029845,4.595504,
2_1114_0,371,0.0,5.6967587,4.99484,
2_1060_0,604,0.0,2.9434392,5.238986,
2_1572_0,571,0.0,2.9494538,5.1063404,
2_1574_0,571,0.0,2.9494538,5.1063404,
2_1542_0,597,0.0,3.5567262,5.0545025,
2_1168_0,590,0.0,2.9474726,5.023689,
2_180_0,342,0.0,3.7047918,4.5209336,
2_1210_0,343,0.0,2.9575758,4.563846,
2_364_0,339,0.0,1.4841028,4.6242495,
2_2158_0,380,0.0,5.923083,4.869683,
2_863_0,333,0.0,2.962931,4.591269,
2_1156_0,390,0.0,1.1245525,4.333219,
2_1511_0,375,0.0,3.4926133,4.3147607,
2_1530_0,317,0.0,0.0,4.9141564,
2_1759_0,418,0.0,12.9674425,4.561419,
2_1870_0,493,0.0,3.0157912,4.5785646,
2_172_0,370,0.0,2.5026958,4.7135572,
2_13_0,493,0.0,1.2007427,4.461061,
2_1670_0,200,0.0,0.0,4.1199803,
2_1930_0,248,0.0,0.0,4.033232,
2_246_0,240,0.0,1.8543341,4.110003,
2_1338_0,239,0.0,2.22625,4.1009126,
2_167_0,266,0.0,0.0,3.9592426,
2_100_0,243,0.0,0.0,4.3544984,
2_1145_0,299,0.0,1.5571281,4.002934,
2_521_0,237,0.0,3.0750096,4.0262036,
2_950_0,331,0.0,3.7425165,4.1190343,
2_2088_0,336,0.0,0.92740995,4.0099087,
2_2084_0,331,0.0,2.2165542,3.961604,
2_54_0,377,0.0,5.2339215,4.6962376,
2_1103_0,362,0.0,4.445671,4.5860734,
2_590_0,417,0.0,3.083122,4.6551766,
2_1553_0,417,0.0,4.1313496,4.6551766,
2_583_0,405,0.0,1.8543341,4.6429067,
2_579_0,408,0.0,2.7802885,4.6429067,
2_585_0,402,0.0,5.2667084,4.367078,
2_1550_0,405,0.0,5.2669244,4.367078,
2_1767_0,426,0.0,3.7047918,4.3964047,
2_524_0,420,0.0,6.0672536,4.484105,
2_581_0,402,0.0,8.630892,4.5509815,
2_1372_0,403,0.0,13.127219,4.6458197,
2_587_0,399,0.0,5.6558747,4.6196046,
2_1763_0,436,0.0,2.6447973,4.4485583,
2_1303_0,418,0.0,2.658808,4.5930314,
2_522_0,405,0.0,4.4660206,4.540286,
2_1093_0,346,0.0,1.5598933,4.504313,
2_582_0,330,0.0,2.497773,4.571443,
2_574_0,336,0.0,1.5561377,4.5380063,
2_1728_0,314,0.0,1.5546739,4.4718056,
2_1120_0,314,0.0,2.502736,4.537944,
2_1346_0,352,0.0,1.5581309,4.237106,
2_638_0,342,0.0,2.6647978,4.2213187,
2_1765_0,325,0.0,4.792074,4.0640287,
2_1370_0,316,0.0,2.7802885,4.032312,
2_1102_0,335,0.0,1.2556034,4.657873,
2_991_0,285,0.0,3.8939373,4.5235496,
2_2272_0,326,0.0,2.6986537,4.6737804,
2_158_0,367,0.0,1.5772562,4.6174273,
2_560_0,399,0.0,2.5512695,4.590562,
2_23_0,396,0.0,0.92740995,4.6021132,
2_1964_0,427,0.0,1.8543341,4.6094656,
2_1990_0,416,0.0,1.2823838,4.623063,
2_744_0,433,0.0,0.0,4.631997,
2_1874_0,396,0.0,1.5801443,4.6203504,
2_11_0,370,0.0,1.8543341,4.5974445,
2_218_0,379,0.0,1.2741555,4.5896997,
2_1589_0,390,0.0,0.92740995,4.5983896,
2_1948_0,389,0.0,0.0,4.593179,
2_1947_0,388,0.0,3.8214262,4.593179,
2_194_0,366,0.0,2.713668,4.593302,
2_983_0,386,0.0,4.2659063,4.6525407,
2_1668_0,370,0.0,0.0,4.547284,
2_1598_0,384,0.0,1.8543341,4.5677934,
2_1921_0,371,0.0,1.260421,4.269872,
2_1748_0,376,0.0,1.8543341,4.0310097,
2_1811_0,379,0.0,1.8543341,4.4161468,
2_277_0,383,0.0,3.9119744,4.3108125,
2_1856_0,369,0.0,0.0,4.510863,
2_1999_0,381,0.0,2.2411308,4.4663506,
2_580_0,433,0.0,1.5715537,4.2114496,
2_1067_0,400,0.0,4.2465563,4.264622,
2_1046_0,447,0.0,6.5877395,4.4552345,
2_1573_0,407,0.0,3.1623626,4.559861,
2_1041_0,371,0.0,1.582348,4.587811,
2_1957_0,367,0.0,1.580493,4.5764,
2_2097_0,334,0.0,0.92740995,4.651009,
2_2100_0,334,0.0,1.2817372,4.651009,
2_1089_0,333,0.0,0.92740995,4.663372,
2_1044_0,344,0.0,1.275975,4.5176463,
2_637_0,402,0.0,3.1462684,4.4795585,
2_10_0,407,0.0,5.409757,4.5115256,
2_639_0,383,0.0,2.5460649,4.4866447,
2_1344_0,363,0.0,2.2496517,4.4714403,
2_1846_0,396,0.0,1.2846935,4.6177473,
2_29_0,414,0.0,0.92740995,4.6266174,
2_8_0,394,0.0,4.2757893,4.6964383,
2_1214_0,305,0.0,0.0,4.3532476,
2_1279_0,399,0.0,2.7351305,4.7731056,
2_1682_0,398,0.0,3.0635736,4.762754,
2_1503_0,415,0.0,2.5685735,4.66762,
2_598_0,413,0.0,1.2848368,4.637927,
2_1786_0,280,0.0,2.7686746,3.8658729,
2_1726_0,369,0.0,3.9708376,4.24364,
2_1430_0,371,0.0,0.0,3.9272463,
2_1736_0,363,0.0,4.483742,4.695522,
2_1246_0,350,0.0,3.125505,3.9782538,
2_530_0,326,0.0,2.7113903,4.6681976,
2_1836_0,404,0.0,5.2855883,4.633833,
2_1549_0,361,0.0,2.6971831,3.7120724,
2_132_0,268,0.0,4.525677,4.951594,
2_2155_0,242,0.0,0.92740995,5.3683157,
2_1420_0,290,0.0,3.0669787,4.584127,
2_1949_0,297,0.0,3.9206443,4.354906,
2_695_0,313,0.0,1.5812011,4.337649,
2_2267_0,343,0.0,1.8543341,4.4988275,
2_1917_0,326,0.0,1.582526,4.34513,
2_133_0,347,0.0,2.7802885,4.3140717,
2_964_0,320,0.0,2.2525778,4.229138,
2_34_0,302,0.0,0.92740995,4.3284736,
2_1105_0,276,0.0,3.043995,4.3996778,
2_1980_0,269,0.0,1.5490274,4.467277,
2_1138_0,279,0.0,1.8543341,4.5681324,
2_1751_0,281,0.0,1.2424037,4.59767,
2_1843_0,275,0.0,3.8327663,4.528287,
2_1955_0,271,0.0,0.92740995,3.9851842,
2_902_0,243,0.0,2.4790118,4.0382457,
2_2147_0,276,0.0,3.0831888,3.9834692,
2_1847_0,287,0.0,4.1325665,3.9834692,
2_2244_0,255,0.0,1.5406313,4.035366,
2_593_0,200,0.0,0.92740995,4.2566714,
2_138_0,256,0.0,2.7802885,4.6459236,
2_1164_0,244,0.0,0.0,4.515765,
2_1893_0,267,0.0,4.4308662,4.6670647,
2_2132_0,267,0.0,4.4308662,4.6670647,
2_1075_0,229,0.0,5.232007,4.0693073,
2_694_0,230,0.0,1.5426778,4.011077,
2_862_0,212,0.0,1.2286922,4.0166173,
2_899_0,199,0.0,2.2254732,4.021874,
2_881_0,208,0.0,1.5415338,4.01072,
2_1592_0,238,0.0,0.92740995,4.485236,
2_1902_0,231,0.0,2.598321,4.050812,
2_1263_0,237,0.0,2.4343593,4.178327,
2_1377_0,215,0.0,1.8543341,4.145035,
2_1100_0,224,0.0,0.92740995,4.12888,
2_879_0,220,0.0,0.0,4.087931,
2_896_0,223,0.0,1.2213436,4.0811567,
2_898_0,225,0.0,1.2221563,4.107183,
2_955_0,224,0.0,0.92740995,4.1327467,
2_2215_0,242,0.0,2.6121302,4.0756526,
2_601_0,241,0.0,1.8543341,4.156649,
2_2273_0,239,0.0,1.5347836,4.1424313,
2_17_0,247,0.0,2.61088,4.0716558,
2_1762_0,266,0.0,0.92740995,4.215897,
2_527_0,365,0.0,3.049351,4.3296976,
2_1869_0,217,0.0,3.0626092,5.2114973,
2_901_0,432,0.0,1.8543341,4.8177752,
2_847_0,221,0.0,3.1528807,3.8136902,
2_1247_0,221,0.0,3.0587077,3.7226741,
2_1117_0,210,0.0,1.5750709,4.116487,
2_1906_0,210,0.0,1.5750709,4.116487,
2_486_0,179,0.0,2.7192388,4.004507,
2_760_0,189,0.0,1.5796673,4.0644083,
2_1747_0,220,0.0,1.8543341,4.9367723,
2_1106_0,217,0.0,1.8543341,4.9367723,
2_1744_0,244,0.0,1.8543341,5.2247334,
2_2263_0,239,0.0,0.92740995,5.250163,
2_1958_0,263,0.0,2.7802885,5.089151,
2_259_0,190,0.0,2.7335858,4.7434316,
2_2248_0,194,0.0,1.2854702,4.753832,
2_1780_0,192,0.0,0.92740995,4.7905498,
2_1745_0,187,0.0,0.0,4.6329274,
2_1013_0,188,0.0,2.7226276,4.199249,
2_749_0,192,0.0,2.566548,4.501727,
2_892_0,192,0.0,2.566548,4.501727,
2_1529_0,197,0.0,2.2301397,4.9442363,
2_1264_0,196,0.0,1.54839,4.923306,
2_1578_0,872,0.0,6.464861,5.2653284,
2_22_0,762,0.0,4.901822,4.2938647,
2_353_0,271,0.0,2.6154761,3.8484228,
2_1795_0,205,0.0,0.92740995,3.8777802,
2_1535_0,231,0.0,1.5396574,3.6895118,
2_1465_0,233,0.0,0.92740995,3.687526,
2_1317_0,229,0.0,1.8543341,3.6632893,
2_377_0,223,0.0,1.2290496,3.6458566,
2_301_0,257,0.0,5.2356906,3.8077722,
2_352_0,249,0.0,6.578991,3.8077722,
2_813_0,301,0.0,1.2186295,4.1587334,
2_1558_0,331,0.0,1.5277836,4.2326193,
2_1557_0,330,0.0,0.92740995,4.275702,
2_1440_0,959,0.0,3.5921965,4.623388,
2_1027_0,972,0.0,1.5149858,4.688024,
2_1025_0,963,0.0,9.012898,4.7528844,
2_1643_0,1056,0.0,7.200839,4.938567,
2_1296_0,866,0.0,9.435897,6.0058417,
2_913_0,1227,0.0,2.996532,4.401992,
2_1989_0,963,0.0,8.783456,2.8470547,
2_135_0,992,0.0,2.295187,2.8211982,
2_1991_0,913,0.0,0.92740995,4.1813717,
2_1124_0,934,0.0,5.133505,4.4949884,
2_1497_0,770,0.0,2.2087634,4.3668966,
2_953_0,3,0.0,0.0,5.264419,
2_1864_0,5,0.0,0.92740995,4.689622,
2_151_0,-6,0.0,5.678976,5.088069,
2_1662_0,674,0.0,7.6190395,4.1834755,
2_1862_0,602,0.0,6.5794725,4.2391963,
2_1672_0,295,0.0,1.8543341,4.9681673,
2_2_0,553,0.0,1.5369287,4.669185,
2_1988_0,594,0.0,1.5371335,4.669185,
2_957_0,181,0.0,6.6147137,3.9784596,
2_1889_0,755,0.0,7.3919644,4.3141356,
2_1116_0,812,0.0,8.031701,4.4835873,
2_1939_0,846,0.0,3.0432825,5.261691,
2_2280_0,791,0.0,1.2120879,4.8983774,
2_1587_0,753,0.0,6.3042617,5.2325044,
2_1679_0,857,0.0,1.8543341,4.590476,
2_2282_0,894,0.0,3.0308018,4.6090264,
2_729_0,841,0.0,3.7450693,4.6190042,
2_1859_0,752,0.0,8.582661,4.4667034,
2_911_0,778,0.0,2.7802885,4.4667034,
2_1891_0,682,0.0,9.243597,5.1086817,
2_2261_0,729,0.0,2.2183414,4.3153267,
2_1065_0,749,0.0,1.5322818,4.210622,
2_1981_0,803,0.0,6.099407,4.358472,
2_1076_0,752,0.0,1.5352837,4.4779477,
2_1652_0,640,0.0,9.51187,4.0531483,
2_779_0,726,0.0,0.0,4.2666755,
2_1571_0,141,0.0,3.05399,4.3028574,
2_2151_0,557,0.0,3.771281,4.72896,
2_2152_0,545,0.0,13.4286995,4.782603,
2_1770_0,492,0.0,13.568899,4.782032,
2_939_0,656,0.0,9.426352,4.852293,
2_2145_0,587,0.0,3.0510552,5.0460305,
2_840_0,188,0.0,3.9133542,4.5394454,
2_2104_0,183,0.0,0.92740995,4.5394454,
2_709_0,441,0.0,4.2128677,4.960459,
2_219_0,517,0.0,3.9129813,4.895065,
2_1242_0,624,0.0,4.6273675,5.0021586,
2_620_0,571,0.0,3.912456,5.0021586,
2_1850_0,486,0.0,6.464861,4.8247557,
2_1567_0,528,0.0,8.656519,4.469619,
2_2129_0,480,0.0,3.0541737,4.2304606,
2_1561_0,511,0.0,1.2677534,3.8152692,
2_1088_0,463,0.0,2.7029865,4.20653,
2_1623_0,773,0.0,8.269043,3.8176847,
2_1231_0,667,0.0,5.547545,3.8671603,
2_2156_0,867,0.0,3.7558153,3.856735,
2_1922_0,343,0.0,11.373027,4.2278724,
2_1944_0,691,0.0,1.5746676,4.713237,
2_1755_0,16,0.0,0.92740995,5.282477,
2_1265_0,23,0.0,6.932055,5.282477,
2_93_0,9,0.0,2.2365484,5.006208,
2_32_0,19,0.0,2.6706018,5.204651,
2_207_0,7,0.0,1.5608032,4.927973,
2_1206_0,339,0.0,5.6869354,4.076662,
2_24_0,447,0.0,5.547545,4.1329045,
2_75_0,7,0.0,5.0487742,4.999843,
2_1183_0,45,0.0,1.2464027,5.1216435,
2_1262_0,34,0.0,5.695029,5.0195527,
2_832_0,81,0.0,1.5507114,5.328731,
2_1048_0,31,0.0,5.6830473,5.3593225,
2_1244_0,55,0.0,4.1507926,5.3986464,
2_1562_0,26,0.0,6.916483,5.3986464,
2_92_0,11,0.0,8.642477,5.7532115,
2_55_0,61,0.0,6.778109,5.7154007,
2_1176_0,61,0.0,5.2447767,5.9268837,
2_1548_0,32,0.0,5.923811,5.531484,
